command_id,command_type,pose_id,t_s,X_m,Y_m,Z_m,qw,qx,qy,qz,speed_m_s,accel_m_s2,pen_down,segment_type,dry_run_only,sdk_hint,notes
0,move_joint_approach,0,0.000000000,-0.007587656,0.049392188,0.030000000,0.000000000,1.000000000,0.000000000,0.000000000,0.050000000,0.200000000,0,approach,true,future: inverse_kin + move_joint,Safe approach pose above first target; dry-run only; IK is not solved.
1,move_line,0,0.000000000,-0.007587656,0.049392188,0.000000000,0.000000000,1.000000000,0.000000000,0.000000000,0.025000000,0.200000000,1,stroke,true,future: move_line,Target pose follow segment; dry-run only; no SDK call is made.
2,move_line,1,0.046857169,-0.006700312,0.048627422,0.000000000,0.000000000,1.000000000,0.000000000,0.000000000,0.025000000,0.200000000,1,stroke,true,future: move_line,Target pose follow segment; dry-run only; no SDK call is made.
3,move_line,2,0.093714307,-0.005812969,0.047862656,0.000000000,0.000000000,1.000000000,0.000000000,0.000000000,0.025000000,0.200000000,1,stroke,true,future: move_line,Target pose follow segment; dry-run only; no SDK call is made.
4,move_line,3,0.140565339,-0.004925625,0.047098125,0.000000000,0.000000000,1.000000000,0.000000000,0.000000000,0.025000000,0.200000000,1,stroke,true,future: move_line,Target pose follow segment; dry-run only; no SDK call is made.
5,move_line,4,0.187416372,-0.004038281,0.046333594,0.000000000,0.000000000,1.000000000,0.000000000,0.000000000,0.025000000,0.200000000,1,stroke,true,future: move_line,Target pose follow segment; dry-run only; no SDK call is made.
6,move_line,5,0.234125856,-0.003158671,0.045565547,0.000000000,0.000000000,1.000000000,0.000000000,0.000000000,0.025000000,0.200000000,1,stroke,true,future: move_line,Target pose follow segment; dry-run only; no SDK call is made.
7,move_line,6,0.280835310,-0.002279062,0.044797500,0.000000000,0.000000000,1.000000000,0.000000000,0.000000000,0.025000000,0.200000000,1,stroke,true,future: move_line,Target pose follow segment; dry-run only; no SDK call is made.
8,move_line,7,0.325926657,-0.001495781,0.043986797,0.000000000,0.000000000,1.000000000,0.000000000,0.000000000,0.025000000,0.200000000,1,stroke,true,future: move_line,Target pose follow segment; dry-run only; no SDK call is made.
9,move_line,8,0.371018004,-0.000712500,0.043176094,0.000000000,0.000000000,1.000000000,0.000000000,0.000000000,0.025000000,0.200000000,1,stroke,true,future: move_line,Target pose follow segment; dry-run only; no SDK call is made.
10,move_line,9,0.413369843,-0.000290390,0.042205078,0.000000000,0.000000000,1.000000000,0.000000000,0.000000000,0.025000000,0.200000000,1,stroke,true,future: move_line,Target pose follow segment; dry-run only; no SDK call is made.
11,move_line,10,0.455721630,0.000131719,0.041234063,0.000000000,0.000000000,1.000000000,0.000000000,0.000000000,0.025000000,0.200000000,1,stroke,true,future: move_line,Target pose follow segment; dry-run only; no SDK call is made.
12,move_line,11,0.500875530,0.000202265,0.040107422,0.000000000,0.000000000,1.000000000,0.000000000,0.000000000,0.025000000,0.200000000,1,stroke,true,future: move_line,Target pose follow segment; dry-run only; no SDK call is made.
13,move_line,12,0.546029432,0.000272812,0.038980781,0.000000000,0.000000000,1.000000000,0.000000000,0.000000000,0.025000000,0.200000000,1,stroke,true,future: move_line,Target pose follow segment; dry-run only; no SDK call is made.
14,move_line,13,0.592753167,0.000251016,0.037812891,0.000000000,0.000000000,1.000000000,0.000000000,0.000000000,0.025000000,0.200000000,1,stroke,true,future: move_line,Target pose follow segment; dry-run only; no SDK call is made.
15,move_line,14,0.639476942,0.000229219,0.036645000,0.000000000,0.000000000,1.000000000,0.000000000,0.000000000,0.025000000,0.200000000,1,stroke,true,future: move_line,Target pose follow segment; dry-run only; no SDK call is made.
16,move_line,15,0.686328846,0.000200157,0.035474063,0.000000000,0.000000000,1.000000000,0.000000000,0.000000000,0.025000000,0.200000000,1,stroke,true,future: move_line,Target pose follow segment; dry-run only; no SDK call is made.
17,move_line,16,0.733180791,0.000171094,0.034303125,0.000000000,0.000000000,1.000000000,0.000000000,0.000000000,0.025000000,0.200000000,1,stroke,true,future: move_line,Target pose follow segment; dry-run only; no SDK call is made.
18,move_line,17,0.780032695,0.000142032,0.033132188,0.000000000,0.000000000,1.000000000,0.000000000,0.000000000,0.025000000,0.200000000,1,stroke,true,future: move_line,Target pose follow segment; dry-run only; no SDK call is made.
19,move_line,18,0.826884640,0.000112969,0.031961250,0.000000000,0.000000000,1.000000000,0.000000000,0.000000000,0.025000000,0.200000000,1,stroke,true,future: move_line,Target pose follow segment; dry-run only; no SDK call is made.
20,move_line,19,0.873736585,0.000083906,0.030790312,0.000000000,0.000000000,1.000000000,0.000000000,0.000000000,0.025000000,0.200000000,1,stroke,true,future: move_line,Target pose follow segment; dry-run only; no SDK call is made.
21,move_line,20,0.920588488,0.000054844,0.029619375,0.000000000,0.000000000,1.000000000,0.000000000,0.000000000,0.025000000,0.200000000,1,stroke,true,future: move_line,Target pose follow segment; dry-run only; no SDK call is made.
22,move_line,21,0.967440626,0.000025547,0.028448438,0.000000000,0.000000000,1.000000000,0.000000000,0.000000000,0.025000000,0.200000000,1,stroke,true,future: move_line,Target pose follow segment; dry-run only; no SDK call is made.
23,move_line,22,1.014292804,-0.000003750,0.027277500,0.000000000,0.000000000,1.000000000,0.000000000,0.000000000,0.025000000,0.200000000,1,stroke,true,future: move_line,Target pose follow segment; dry-run only; no SDK call is made.
24,move_line,23,1.061144709,-0.000032813,0.026106563,0.000000000,0.000000000,1.000000000,0.000000000,0.000000000,0.025000000,0.200000000,1,stroke,true,future: move_line,Target pose follow segment; dry-run only; no SDK call is made.
25,move_line,24,1.107996653,-0.000061875,0.024935625,0.000000000,0.000000000,1.000000000,0.000000000,0.000000000,0.025000000,0.200000000,1,stroke,true,future: move_line,Target pose follow segment; dry-run only; no SDK call is made.
26,move_line,25,1.154857955,-0.000090938,0.023764453,0.000000000,0.000000000,1.000000000,0.000000000,0.000000000,0.025000000,0.200000000,1,stroke,true,future: move_line,Target pose follow segment; dry-run only; no SDK call is made.
27,move_line,26,1.201719256,-0.000120000,0.022593281,0.000000000,0.000000000,1.000000000,0.000000000,0.000000000,0.025000000,0.200000000,1,stroke,true,future: move_line,Target pose follow segment; dry-run only; no SDK call is made.
28,move_line,27,1.248571160,-0.000149062,0.021422344,0.000000000,0.000000000,1.000000000,0.000000000,0.000000000,0.025000000,0.200000000,1,stroke,true,future: move_line,Target pose follow segment; dry-run only; no SDK call is made.
29,move_line,28,1.295423104,-0.000178125,0.020251406,0.000000000,0.000000000,1.000000000,0.000000000,0.000000000,0.025000000,0.200000000,1,stroke,true,future: move_line,Target pose follow segment; dry-run only; no SDK call is made.
30,move_line,29,1.342275243,-0.000207422,0.019080469,0.000000000,0.000000000,1.000000000,0.000000000,0.000000000,0.025000000,0.200000000,1,stroke,true,future: move_line,Target pose follow segment; dry-run only; no SDK call is made.
31,move_line,30,1.389127420,-0.000236719,0.017909531,0.000000000,0.000000000,1.000000000,0.000000000,0.000000000,0.025000000,0.200000000,1,stroke,true,future: move_line,Target pose follow segment; dry-run only; no SDK call is made.
32,move_line,31,1.435979325,-0.000265782,0.016738594,0.000000000,0.000000000,1.000000000,0.000000000,0.000000000,0.025000000,0.200000000,1,stroke,true,future: move_line,Target pose follow segment; dry-run only; no SDK call is made.
33,move_line,32,1.482831269,-0.000294844,0.015567656,0.000000000,0.000000000,1.000000000,0.000000000,0.000000000,0.025000000,0.200000000,1,stroke,true,future: move_line,Target pose follow segment; dry-run only; no SDK call is made.
34,move_line,33,1.529683213,-0.000323906,0.014396718,0.000000000,0.000000000,1.000000000,0.000000000,0.000000000,0.025000000,0.200000000,1,stroke,true,future: move_line,Target pose follow segment; dry-run only; no SDK call is made.
35,move_line,34,1.576535118,-0.000352969,0.013225781,0.000000000,0.000000000,1.000000000,0.000000000,0.000000000,0.025000000,0.200000000,1,stroke,true,future: move_line,Target pose follow segment; dry-run only; no SDK call is made.
36,move_line,35,1.623387022,-0.000382031,0.012054844,0.000000000,0.000000000,1.000000000,0.000000000,0.000000000,0.025000000,0.200000000,1,stroke,true,future: move_line,Target pose follow segment; dry-run only; no SDK call is made.
37,move_line,36,1.670238966,-0.000411094,0.010883906,0.000000000,0.000000000,1.000000000,0.000000000,0.000000000,0.025000000,0.200000000,1,stroke,true,future: move_line,Target pose follow segment; dry-run only; no SDK call is made.
38,move_line,37,1.717100268,-0.000440157,0.009712734,0.000000000,0.000000000,1.000000000,0.000000000,0.000000000,0.025000000,0.200000000,1,stroke,true,future: move_line,Target pose follow segment; dry-run only; no SDK call is made.
39,move_line,38,1.763961569,-0.000469219,0.008541562,0.000000000,0.000000000,1.000000000,0.000000000,0.000000000,0.025000000,0.200000000,1,stroke,true,future: move_line,Target pose follow segment; dry-run only; no SDK call is made.
40,move_line,39,1.810813747,-0.000498516,0.007370624,0.000000000,0.000000000,1.000000000,0.000000000,0.000000000,0.025000000,0.200000000,1,stroke,true,future: move_line,Target pose follow segment; dry-run only; no SDK call is made.
41,move_line,40,1.857665885,-0.000527813,0.006199687,0.000000000,0.000000000,1.000000000,0.000000000,0.000000000,0.025000000,0.200000000,1,stroke,true,future: move_line,Target pose follow segment; dry-run only; no SDK call is made.
42,move_line,41,1.904517789,-0.000556875,0.005028750,0.000000000,0.000000000,1.000000000,0.000000000,0.000000000,0.025000000,0.200000000,1,stroke,true,future: move_line,Target pose follow segment; dry-run only; no SDK call is made.
43,move_line,42,1.951369694,-0.000585938,0.003857813,0.000000000,0.000000000,1.000000000,0.000000000,0.000000000,0.025000000,0.200000000,1,stroke,true,future: move_line,Target pose follow segment; dry-run only; no SDK call is made.
44,move_line,43,1.998221638,-0.000615000,0.002686875,0.000000000,0.000000000,1.000000000,0.000000000,0.000000000,0.025000000,0.200000000,1,stroke,true,future: move_line,Target pose follow segment; dry-run only; no SDK call is made.
45,move_line,44,2.045073582,-0.000644062,0.001515937,0.000000000,0.000000000,1.000000000,0.000000000,0.000000000,0.025000000,0.200000000,1,stroke,true,future: move_line,Target pose follow segment; dry-run only; no SDK call is made.
46,move_line,45,2.091925486,-0.000673125,0.000345000,0.000000000,0.000000000,1.000000000,0.000000000,0.000000000,0.025000000,0.200000000,1,stroke,true,future: move_line,Target pose follow segment; dry-run only; no SDK call is made.
47,move_line,46,2.138777431,-0.000702188,-0.000825938,0.000000000,0.000000000,1.000000000,0.000000000,0.000000000,0.025000000,0.200000000,1,stroke,true,future: move_line,Target pose follow segment; dry-run only; no SDK call is made.
48,move_line,47,2.185629609,-0.000731485,-0.001996876,0.000000000,0.000000000,1.000000000,0.000000000,0.000000000,0.025000000,0.200000000,1,stroke,true,future: move_line,Target pose follow segment; dry-run only; no SDK call is made.
49,move_line,48,2.232481746,-0.000760781,-0.003167813,0.000000000,0.000000000,1.000000000,0.000000000,0.000000000,0.025000000,0.200000000,1,stroke,true,future: move_line,Target pose follow segment; dry-run only; no SDK call is made.
50,move_line,49,2.279333651,-0.000789844,-0.004338750,0.000000000,0.000000000,1.000000000,0.000000000,0.000000000,0.025000000,0.200000000,1,stroke,true,future: move_line,Target pose follow segment; dry-run only; no SDK call is made.
51,move_line,50,2.326185555,-0.000818906,-0.005509687,0.000000000,0.000000000,1.000000000,0.000000000,0.000000000,0.025000000,0.200000000,1,stroke,true,future: move_line,Target pose follow segment; dry-run only; no SDK call is made.
52,move_line,51,2.373046857,-0.000847969,-0.006680859,0.000000000,0.000000000,1.000000000,0.000000000,0.000000000,0.025000000,0.200000000,1,stroke,true,future: move_line,Target pose follow segment; dry-run only; no SDK call is made.
53,move_line,52,2.419908158,-0.000877031,-0.007852031,0.000000000,0.000000000,1.000000000,0.000000000,0.000000000,0.025000000,0.200000000,1,stroke,true,future: move_line,Target pose follow segment; dry-run only; no SDK call is made.
54,move_line,53,2.466760102,-0.000906093,-0.009022969,0.000000000,0.000000000,1.000000000,0.000000000,0.000000000,0.025000000,0.200000000,1,stroke,true,future: move_line,Target pose follow segment; dry-run only; no SDK call is made.
55,move_line,54,2.513612006,-0.000935156,-0.010193906,0.000000000,0.000000000,1.000000000,0.000000000,0.000000000,0.025000000,0.200000000,1,stroke,true,future: move_line,Target pose follow segment; dry-run only; no SDK call is made.
56,move_line,55,2.560463910,-0.000964218,-0.011364843,0.000000000,0.000000000,1.000000000,0.000000000,0.000000000,0.025000000,0.200000000,1,stroke,true,future: move_line,Target pose follow segment; dry-run only; no SDK call is made.
57,move_line,56,2.607315855,-0.000993281,-0.012535781,0.000000000,0.000000000,1.000000000,0.000000000,0.000000000,0.025000000,0.200000000,1,stroke,true,future: move_line,Target pose follow segment; dry-run only; no SDK call is made.
58,move_line,57,2.654168033,-0.001022578,-0.013706719,0.000000000,0.000000000,1.000000000,0.000000000,0.000000000,0.025000000,0.200000000,1,stroke,true,future: move_line,Target pose follow segment; dry-run only; no SDK call is made.
59,move_line,58,2.701020171,-0.001051875,-0.014877656,0.000000000,0.000000000,1.000000000,0.000000000,0.000000000,0.025000000,0.200000000,1,stroke,true,future: move_line,Target pose follow segment; dry-run only; no SDK call is made.
60,move_line,59,2.747872076,-0.001080938,-0.016048593,0.000000000,0.000000000,1.000000000,0.000000000,0.000000000,0.025000000,0.200000000,1,stroke,true,future: move_line,Target pose follow segment; dry-run only; no SDK call is made.
61,move_line,60,2.794724020,-0.001110000,-0.017219531,0.000000000,0.000000000,1.000000000,0.000000000,0.000000000,0.025000000,0.200000000,1,stroke,true,future: move_line,Target pose follow segment; dry-run only; no SDK call is made.
62,move_line,61,2.841558640,-0.001140469,-0.018390000,0.000000000,0.000000000,1.000000000,0.000000000,0.000000000,0.025000000,0.200000000,1,stroke,true,future: move_line,Target pose follow segment; dry-run only; no SDK call is made.
63,move_line,62,2.888393260,-0.001170938,-0.019560469,0.000000000,0.000000000,1.000000000,0.000000000,0.000000000,0.025000000,0.200000000,1,stroke,true,future: move_line,Target pose follow segment; dry-run only; no SDK call is made.
64,move_line,63,2.934857704,-0.001229062,-0.020720625,0.000000000,0.000000000,1.000000000,0.000000000,0.000000000,0.025000000,0.200000000,1,stroke,true,future: move_line,Target pose follow segment; dry-run only; no SDK call is made.
65,move_line,64,2.981322150,-0.001287187,-0.021880781,0.000000000,0.000000000,1.000000000,0.000000000,0.000000000,0.025000000,0.200000000,1,stroke,true,future: move_line,Target pose follow segment; dry-run only; no SDK call is made.
66,move_line,65,3.026139612,-0.001516875,-0.022977422,0.000000000,0.000000000,1.000000000,0.000000000,0.000000000,0.025000000,0.200000000,1,stroke,true,future: move_line,Target pose follow segment; dry-run only; no SDK call is made.
67,move_line,66,3.070957066,-0.001746562,-0.024074063,0.000000000,0.000000000,1.000000000,0.000000000,0.000000000,0.025000000,0.200000000,1,stroke,true,future: move_line,Target pose follow segment; dry-run only; no SDK call is made.
68,move_line,67,3.116324440,-0.002358281,-0.025029141,0.000000000,0.000000000,1.000000000,0.000000000,0.000000000,0.025000000,0.200000000,1,stroke,true,future: move_line,Target pose follow segment; dry-run only; no SDK call is made.
69,move_line,68,3.161691813,-0.002970000,-0.025984219,0.000000000,0.000000000,1.000000000,0.000000000,0.000000000,0.025000000,0.200000000,1,stroke,true,future: move_line,Target pose follow segment; dry-run only; no SDK call is made.
70,move_line,69,3.208404936,-0.003701250,-0.026894766,0.000000000,0.000000000,1.000000000,0.000000000,0.000000000,0.025000000,0.200000000,1,stroke,true,future: move_line,Target pose follow segment; dry-run only; no SDK call is made.
71,move_line,70,3.255118059,-0.004432500,-0.027805313,0.000000000,0.000000000,1.000000000,0.000000000,0.000000000,0.025000000,0.200000000,1,stroke,true,future: move_line,Target pose follow segment; dry-run only; no SDK call is made.
72,move_line,71,3.255118059,-0.004432500,-0.027805313,0.000000000,0.000000000,1.000000000,0.000000000,0.000000000,0.040000000,0.200000000,1,connector,true,future: move_line,Target pose follow segment; dry-run only; no SDK call is made.
73,move_line,72,3.317309866,-0.006557478,-0.026511875,0.000000000,0.000000000,1.000000000,0.000000000,0.000000000,0.040000000,0.200000000,1,connector,true,future: move_line,Target pose follow segment; dry-run only; no SDK call is made.
74,move_line,73,3.379501638,-0.008682455,-0.025218438,0.000000000,0.000000000,1.000000000,0.000000000,0.000000000,0.040000000,0.200000000,1,connector,true,future: move_line,Target pose follow segment; dry-run only; no SDK call is made.
75,move_line,74,3.441693445,-0.010807433,-0.023925000,0.000000000,0.000000000,1.000000000,0.000000000,0.000000000,0.040000000,0.200000000,1,connector,true,future: move_line,Target pose follow segment; dry-run only; no SDK call is made.
76,move_line,75,3.503885239,-0.012932411,-0.022631563,0.000000000,0.000000000,1.000000000,0.000000000,0.000000000,0.040000000,0.200000000,1,connector,true,future: move_line,Target pose follow segment; dry-run only; no SDK call is made.
77,move_line,76,3.566077025,-0.015057388,-0.021338125,0.000000000,0.000000000,1.000000000,0.000000000,0.000000000,0.040000000,0.200000000,1,connector,true,future: move_line,Target pose follow segment; dry-run only; no SDK call is made.
78,move_line,77,3.628268819,-0.017182366,-0.020044688,0.000000000,0.000000000,1.000000000,0.000000000,0.000000000,0.040000000,0.200000000,1,connector,true,future: move_line,Target pose follow segment; dry-run only; no SDK call is made.
79,move_line,78,3.690460626,-0.019307344,-0.018751250,0.000000000,0.000000000,1.000000000,0.000000000,0.000000000,0.040000000,0.200000000,1,connector,true,future: move_line,Target pose follow segment; dry-run only; no SDK call is made.
80,move_line,79,3.752652398,-0.021432321,-0.017457813,0.000000000,0.000000000,1.000000000,0.000000000,0.000000000,0.040000000,0.200000000,1,connector,true,future: move_line,Target pose follow segment; dry-run only; no SDK call is made.
81,move_line,80,3.814844205,-0.023557299,-0.016164375,0.000000000,0.000000000,1.000000000,0.000000000,0.000000000,0.040000000,0.200000000,1,connector,true,future: move_line,Target pose follow segment; dry-run only; no SDK call is made.
82,move_line,81,3.877035999,-0.025682277,-0.014870938,0.000000000,0.000000000,1.000000000,0.000000000,0.000000000,0.040000000,0.200000000,1,connector,true,future: move_line,Target pose follow segment; dry-run only; no SDK call is made.
83,move_line,82,3.939227785,-0.027807254,-0.013577500,0.000000000,0.000000000,1.000000000,0.000000000,0.000000000,0.040000000,0.200000000,1,connector,true,future: move_line,Target pose follow segment; dry-run only; no SDK call is made.
84,move_line,83,4.001419579,-0.029932232,-0.012284063,0.000000000,0.000000000,1.000000000,0.000000000,0.000000000,0.040000000,0.200000000,1,connector,true,future: move_line,Target pose follow segment; dry-run only; no SDK call is made.
85,move_line,84,4.063611386,-0.032057210,-0.010990625,0.000000000,0.000000000,1.000000000,0.000000000,0.000000000,0.040000000,0.200000000,1,connector,true,future: move_line,Target pose follow segment; dry-run only; no SDK call is made.
86,move_line,85,4.125803158,-0.034182187,-0.009697188,0.000000000,0.000000000,1.000000000,0.000000000,0.000000000,0.040000000,0.200000000,1,connector,true,future: move_line,Target pose follow segment; dry-run only; no SDK call is made.
87,move_line,86,4.187994965,-0.036307165,-0.008403750,0.000000000,0.000000000,1.000000000,0.000000000,0.000000000,0.040000000,0.200000000,1,connector,true,future: move_line,Target pose follow segment; dry-run only; no SDK call is made.
88,move_line,87,4.250186759,-0.038432143,-0.007110313,0.000000000,0.000000000,1.000000000,0.000000000,0.000000000,0.040000000,0.200000000,1,connector,true,future: move_line,Target pose follow segment; dry-run only; no SDK call is made.
89,move_line,88,4.312378545,-0.040557120,-0.005816875,0.000000000,0.000000000,1.000000000,0.000000000,0.000000000,0.040000000,0.200000000,1,connector,true,future: move_line,Target pose follow segment; dry-run only; no SDK call is made.
90,move_line,89,4.374570339,-0.042682098,-0.004523438,0.000000000,0.000000000,1.000000000,0.000000000,0.000000000,0.040000000,0.200000000,1,connector,true,future: move_line,Target pose follow segment; dry-run only; no SDK call is made.
91,move_line,90,4.436762146,-0.044807076,-0.003230000,0.000000000,0.000000000,1.000000000,0.000000000,0.000000000,0.040000000,0.200000000,1,connector,true,future: move_line,Target pose follow segment; dry-run only; no SDK call is made.
92,move_line,91,4.498953918,-0.046932053,-0.001936563,0.000000000,0.000000000,1.000000000,0.000000000,0.000000000,0.040000000,0.200000000,1,connector,true,future: move_line,Target pose follow segment; dry-run only; no SDK call is made.
93,move_line,92,4.561145725,-0.049057031,-0.000643125,0.000000000,0.000000000,1.000000000,0.000000000,0.000000000,0.040000000,0.200000000,1,connector,true,future: move_line,Target pose follow segment; dry-run only; no SDK call is made.
94,move_line,93,4.561145725,-0.049057031,-0.000643125,0.000000000,0.000000000,1.000000000,0.000000000,0.000000000,0.025000000,0.200000000,1,stroke,true,future: move_line,Target pose follow segment; dry-run only; no SDK call is made.
95,move_line,94,4.607191737,-0.048198515,-0.001410000,0.000000000,0.000000000,1.000000000,0.000000000,0.000000000,0.025000000,0.200000000,1,stroke,true,future: move_line,Target pose follow segment; dry-run only; no SDK call is made.
96,move_line,95,4.653237718,-0.047340000,-0.002176875,0.000000000,0.000000000,1.000000000,0.000000000,0.000000000,0.025000000,0.200000000,1,stroke,true,future: move_line,Target pose follow segment; dry-run only; no SDK call is made.
97,move_line,96,4.698885829,-0.046557187,-0.003007265,0.000000000,0.000000000,1.000000000,0.000000000,0.000000000,0.025000000,0.200000000,1,stroke,true,future: move_line,Target pose follow segment; dry-run only; no SDK call is made.
98,move_line,97,4.744533941,-0.045774375,-0.003837656,0.000000000,0.000000000,1.000000000,0.000000000,0.000000000,0.025000000,0.200000000,1,stroke,true,future: move_line,Target pose follow segment; dry-run only; no SDK call is made.
99,move_line,98,4.790335764,-0.045140625,-0.004791328,0.000000000,0.000000000,1.000000000,0.000000000,0.000000000,0.025000000,0.200000000,1,stroke,true,future: move_line,Target pose follow segment; dry-run only; no SDK call is made.
100,move_line,99,4.836137586,-0.044506875,-0.005745000,0.000000000,0.000000000,1.000000000,0.000000000,0.000000000,0.025000000,0.200000000,1,stroke,true,future: move_line,Target pose follow segment; dry-run only; no SDK call is made.
101,move_line,100,4.881846361,-0.043961719,-0.006749297,0.000000000,0.000000000,1.000000000,0.000000000,0.000000000,0.025000000,0.200000000,1,stroke,true,future: move_line,Target pose follow segment; dry-run only; no SDK call is made.
102,move_line,101,4.927555154,-0.043416562,-0.007753594,0.000000000,0.000000000,1.000000000,0.000000000,0.000000000,0.025000000,0.200000000,1,stroke,true,future: move_line,Target pose follow segment; dry-run only; no SDK call is made.
103,move_line,102,4.972422449,-0.043056797,-0.008816016,0.000000000,0.000000000,1.000000000,0.000000000,0.000000000,0.025000000,0.200000000,1,stroke,true,future: move_line,Target pose follow segment; dry-run only; no SDK call is made.
104,move_line,103,5.017289757,-0.042697031,-0.009878438,0.000000000,0.000000000,1.000000000,0.000000000,0.000000000,0.025000000,0.200000000,1,stroke,true,future: move_line,Target pose follow segment; dry-run only; no SDK call is made.
105,move_line,104,5.062871504,-0.042564375,-0.011010234,0.000000000,0.000000000,1.000000000,0.000000000,0.000000000,0.025000000,0.200000000,1,stroke,true,future: move_line,Target pose follow segment; dry-run only; no SDK call is made.
106,move_line,105,5.108453291,-0.042431719,-0.012142031,0.000000000,0.000000000,1.000000000,0.000000000,0.000000000,0.025000000,0.200000000,1,stroke,true,future: move_line,Target pose follow segment; dry-run only; no SDK call is made.
107,move_line,106,5.154574095,-0.042363750,-0.013293046,0.000000000,0.000000000,1.000000000,0.000000000,0.000000000,0.025000000,0.200000000,1,stroke,true,future: move_line,Target pose follow segment; dry-run only; no SDK call is made.
108,move_line,107,5.200694938,-0.042295781,-0.014444062,0.000000000,0.000000000,1.000000000,0.000000000,0.000000000,0.025000000,0.200000000,1,stroke,true,future: move_line,Target pose follow segment; dry-run only; no SDK call is made.
109,move_line,108,5.246876445,-0.042234140,-0.015596953,0.000000000,0.000000000,1.000000000,0.000000000,0.000000000,0.025000000,0.200000000,1,stroke,true,future: move_line,Target pose follow segment; dry-run only; no SDK call is made.
110,move_line,109,5.293057951,-0.042172500,-0.016749844,0.000000000,0.000000000,1.000000000,0.000000000,0.000000000,0.025000000,0.200000000,1,stroke,true,future: move_line,Target pose follow segment; dry-run only; no SDK call is made.
111,move_line,110,5.339186399,-0.042129843,-0.017902266,0.000000000,0.000000000,1.000000000,0.000000000,0.000000000,0.025000000,0.200000000,1,stroke,true,future: move_line,Target pose follow segment; dry-run only; no SDK call is made.
112,move_line,111,5.385314846,-0.042087187,-0.019054688,0.000000000,0.000000000,1.000000000,0.000000000,0.000000000,0.025000000,0.200000000,1,stroke,true,future: move_line,Target pose follow segment; dry-run only; no SDK call is made.
113,move_line,112,5.431402125,-0.042110156,-0.020206641,0.000000000,0.000000000,1.000000000,0.000000000,0.000000000,0.025000000,0.200000000,1,stroke,true,future: move_line,Target pose follow segment; dry-run only; no SDK call is made.
114,move_line,113,5.477489403,-0.042133125,-0.021358594,0.000000000,0.000000000,1.000000000,0.000000000,0.000000000,0.025000000,0.200000000,1,stroke,true,future: move_line,Target pose follow segment; dry-run only; no SDK call is made.
115,move_line,114,5.523627032,-0.042207891,-0.022509609,0.000000000,0.000000000,1.000000000,0.000000000,0.000000000,0.025000000,0.200000000,1,stroke,true,future: move_line,Target pose follow segment; dry-run only; no SDK call is made.
116,move_line,115,5.569764698,-0.042282656,-0.023660625,0.000000000,0.000000000,1.000000000,0.000000000,0.000000000,0.025000000,0.200000000,1,stroke,true,future: move_line,Target pose follow segment; dry-run only; no SDK call is made.
117,move_line,116,5.615946570,-0.042369844,-0.024811875,0.000000000,0.000000000,1.000000000,0.000000000,0.000000000,0.025000000,0.200000000,1,stroke,true,future: move_line,Target pose follow segment; dry-run only; no SDK call is made.
118,move_line,117,5.662128439,-0.042457031,-0.025963125,0.000000000,0.000000000,1.000000000,0.000000000,0.000000000,0.025000000,0.200000000,1,stroke,true,future: move_line,Target pose follow segment; dry-run only; no SDK call is made.
119,move_line,118,5.708304539,-0.042545390,-0.027114141,0.000000000,0.000000000,1.000000000,0.000000000,0.000000000,0.025000000,0.200000000,1,stroke,true,future: move_line,Target pose follow segment; dry-run only; no SDK call is made.
120,move_line,119,5.754480602,-0.042633750,-0.028265156,0.000000000,0.000000000,1.000000000,0.000000000,0.000000000,0.025000000,0.200000000,1,stroke,true,future: move_line,Target pose follow segment; dry-run only; no SDK call is made.
121,move_line,120,5.800656706,-0.042722110,-0.029416172,0.000000000,0.000000000,1.000000000,0.000000000,0.000000000,0.025000000,0.200000000,1,stroke,true,future: move_line,Target pose follow segment; dry-run only; no SDK call is made.
122,move_line,121,5.846832806,-0.042810469,-0.030567188,0.000000000,0.000000000,1.000000000,0.000000000,0.000000000,0.025000000,0.200000000,1,stroke,true,future: move_line,Target pose follow segment; dry-run only; no SDK call is made.
123,move_line,122,5.893018242,-0.042898829,-0.031718438,0.000000000,0.000000000,1.000000000,0.000000000,0.000000000,0.025000000,0.200000000,1,stroke,true,future: move_line,Target pose follow segment; dry-run only; no SDK call is made.
124,move_line,123,5.939203675,-0.042987188,-0.032869688,0.000000000,0.000000000,1.000000000,0.000000000,0.000000000,0.025000000,0.200000000,1,stroke,true,future: move_line,Target pose follow segment; dry-run only; no SDK call is made.
125,move_line,124,5.985288531,-0.043073204,-0.034018594,0.000000000,0.000000000,1.000000000,0.000000000,0.000000000,0.025000000,0.200000000,1,stroke,true,future: move_line,Target pose follow segment; dry-run only; no SDK call is made.
126,move_line,125,6.031373385,-0.043159219,-0.035167500,0.000000000,0.000000000,1.000000000,0.000000000,0.000000000,0.025000000,0.200000000,1,stroke,true,future: move_line,Target pose follow segment; dry-run only; no SDK call is made.
127,move_line,126,6.075731212,-0.043201875,-0.036275625,0.000000000,0.000000000,1.000000000,0.000000000,0.000000000,0.025000000,0.200000000,1,stroke,true,future: move_line,Target pose follow segment; dry-run only; no SDK call is made.
128,move_line,127,6.120089040,-0.043244531,-0.037383750,0.000000000,0.000000000,1.000000000,0.000000000,0.000000000,0.025000000,0.200000000,1,stroke,true,future: move_line,Target pose follow segment; dry-run only; no SDK call is made.
129,move_line,128,6.189710466,-0.042751406,-0.039052969,0.000000000,0.000000000,1.000000000,0.000000000,0.000000000,0.025000000,0.200000000,1,stroke,true,future: move_line,Target pose follow segment; dry-run only; no SDK call is made.
130,move_line,129,6.265226249,-0.040904531,-0.039444375,0.000000000,0.000000000,1.000000000,0.000000000,0.000000000,0.025000000,0.200000000,1,stroke,true,future: move_line,Target pose follow segment; dry-run only; no SDK call is made.
131,move_line,130,6.310649755,-0.039768984,-0.039434765,0.000000000,0.000000000,1.000000000,0.000000000,0.000000000,0.025000000,0.200000000,1,stroke,true,future: move_line,Target pose follow segment; dry-run only; no SDK call is made.
132,move_line,131,6.356073262,-0.038633437,-0.039425156,0.000000000,0.000000000,1.000000000,0.000000000,0.000000000,0.025000000,0.200000000,1,stroke,true,future: move_line,Target pose follow segment; dry-run only; no SDK call is made.
133,move_line,132,6.402036220,-0.037486875,-0.039349218,0.000000000,0.000000000,1.000000000,0.000000000,0.000000000,0.025000000,0.200000000,1,stroke,true,future: move_line,Target pose follow segment; dry-run only; no SDK call is made.
134,move_line,133,6.447999177,-0.036340313,-0.039273281,0.000000000,0.000000000,1.000000000,0.000000000,0.000000000,0.025000000,0.200000000,1,stroke,true,future: move_line,Target pose follow segment; dry-run only; no SDK call is made.
135,move_line,134,6.493915008,-0.035216016,-0.039041719,0.000000000,0.000000000,1.000000000,0.000000000,0.000000000,0.025000000,0.200000000,1,stroke,true,future: move_line,Target pose follow segment; dry-run only; no SDK call is made.
136,move_line,135,6.539830847,-0.034091719,-0.038810156,0.000000000,0.000000000,1.000000000,0.000000000,0.000000000,0.025000000,0.200000000,1,stroke,true,future: move_line,Target pose follow segment; dry-run only; no SDK call is made.
137,move_line,136,6.585969383,-0.032976328,-0.038516250,0.000000000,0.000000000,1.000000000,0.000000000,0.000000000,0.025000000,0.200000000,1,stroke,true,future: move_line,Target pose follow segment; dry-run only; no SDK call is made.
138,move_line,137,6.632107919,-0.031860937,-0.038222344,0.000000000,0.000000000,1.000000000,0.000000000,0.000000000,0.025000000,0.200000000,1,stroke,true,future: move_line,Target pose follow segment; dry-run only; no SDK call is made.
139,move_line,138,6.678281743,-0.030746953,-0.037919766,0.000000000,0.000000000,1.000000000,0.000000000,0.000000000,0.025000000,0.200000000,1,stroke,true,future: move_line,Target pose follow segment; dry-run only; no SDK call is made.
140,move_line,139,6.724455568,-0.029632969,-0.037617188,0.000000000,0.000000000,1.000000000,0.000000000,0.000000000,0.025000000,0.200000000,1,stroke,true,future: move_line,Target pose follow segment; dry-run only; no SDK call is made.
141,move_line,140,6.770640928,-0.028518750,-0.037314375,0.000000000,0.000000000,1.000000000,0.000000000,0.000000000,0.025000000,0.200000000,1,stroke,true,future: move_line,Target pose follow segment; dry-run only; no SDK call is made.
142,move_line,141,6.816826289,-0.027404531,-0.037011562,0.000000000,0.000000000,1.000000000,0.000000000,0.000000000,0.025000000,0.200000000,1,stroke,true,future: move_line,Target pose follow segment; dry-run only; no SDK call is made.
143,move_line,142,6.863000152,-0.026290546,-0.036708984,0.000000000,0.000000000,1.000000000,0.000000000,0.000000000,0.025000000,0.200000000,1,stroke,true,future: move_line,Target pose follow segment; dry-run only; no SDK call is made.
144,move_line,143,6.909173976,-0.025176562,-0.036406406,0.000000000,0.000000000,1.000000000,0.000000000,0.000000000,0.025000000,0.200000000,1,stroke,true,future: move_line,Target pose follow segment; dry-run only; no SDK call is made.
145,move_line,144,6.955348510,-0.024061172,-0.036108984,0.000000000,0.000000000,1.000000000,0.000000000,0.000000000,0.025000000,0.200000000,1,stroke,true,future: move_line,Target pose follow segment; dry-run only; no SDK call is made.
146,move_line,145,7.001523071,-0.022945781,-0.035811563,0.000000000,0.000000000,1.000000000,0.000000000,0.000000000,0.025000000,0.200000000,1,stroke,true,future: move_line,Target pose follow segment; dry-run only; no SDK call is made.
147,move_line,146,7.047676463,-0.021825235,-0.035536406,0.000000000,0.000000000,1.000000000,0.000000000,0.000000000,0.025000000,0.200000000,1,stroke,true,future: move_line,Target pose follow segment; dry-run only; no SDK call is made.
148,move_line,147,7.093829883,-0.020704688,-0.035261250,0.000000000,0.000000000,1.000000000,0.000000000,0.000000000,0.025000000,0.200000000,1,stroke,true,future: move_line,Target pose follow segment; dry-run only; no SDK call is made.
149,move_line,148,7.139999639,-0.019576172,-0.035018906,0.000000000,0.000000000,1.000000000,0.000000000,0.000000000,0.025000000,0.200000000,1,stroke,true,future: move_line,Target pose follow segment; dry-run only; no SDK call is made.
150,move_line,149,7.186169395,-0.018447656,-0.034776562,0.000000000,0.000000000,1.000000000,0.000000000,0.000000000,0.025000000,0.200000000,1,stroke,true,future: move_line,Target pose follow segment; dry-run only; no SDK call is made.
151,move_line,150,7.232349882,-0.017316797,-0.034544062,0.000000000,0.000000000,1.000000000,0.000000000,0.000000000,0.025000000,0.200000000,1,stroke,true,future: move_line,Target pose follow segment; dry-run only; no SDK call is made.
152,move_line,151,7.278530360,-0.016185938,-0.034311563,0.000000000,0.000000000,1.000000000,0.000000000,0.000000000,0.025000000,0.200000000,1,stroke,true,future: move_line,Target pose follow segment; dry-run only; no SDK call is made.
153,move_line,152,7.324705192,-0.015055079,-0.034079766,0.000000000,0.000000000,1.000000000,0.000000000,0.000000000,0.025000000,0.200000000,1,stroke,true,future: move_line,Target pose follow segment; dry-run only; no SDK call is made.
154,move_line,153,7.370880063,-0.013924219,-0.033847969,0.000000000,0.000000000,1.000000000,0.000000000,0.000000000,0.025000000,0.200000000,1,stroke,true,future: move_line,Target pose follow segment; dry-run only; no SDK call is made.
155,move_line,154,7.417064103,-0.012793125,-0.033616172,0.000000000,0.000000000,1.000000000,0.000000000,0.000000000,0.025000000,0.200000000,1,stroke,true,future: move_line,Target pose follow segment; dry-run only; no SDK call is made.
156,move_line,155,7.463248143,-0.011662031,-0.033384375,0.000000000,0.000000000,1.000000000,0.000000000,0.000000000,0.025000000,0.200000000,1,stroke,true,future: move_line,Target pose follow segment; dry-run only; no SDK call is made.
157,move_line,156,7.509422975,-0.010531172,-0.033152578,0.000000000,0.000000000,1.000000000,0.000000000,0.000000000,0.025000000,0.200000000,1,stroke,true,future: move_line,Target pose follow segment; dry-run only; no SDK call is made.
158,move_line,157,7.555597807,-0.009400313,-0.032920781,0.000000000,0.000000000,1.000000000,0.000000000,0.000000000,0.025000000,0.200000000,1,stroke,true,future: move_line,Target pose follow segment; dry-run only; no SDK call is made.
159,move_line,158,7.601772638,-0.008269454,-0.032688984,0.000000000,0.000000000,1.000000000,0.000000000,0.000000000,0.025000000,0.200000000,1,stroke,true,future: move_line,Target pose follow segment; dry-run only; no SDK call is made.
160,move_line,159,7.647947509,-0.007138594,-0.032457187,0.000000000,0.000000000,1.000000000,0.000000000,0.000000000,0.025000000,0.200000000,1,stroke,true,future: move_line,Target pose follow segment; dry-run only; no SDK call is made.
161,move_line,160,7.694131541,-0.006007500,-0.032225391,0.000000000,0.000000000,1.000000000,0.000000000,0.000000000,0.025000000,0.200000000,1,stroke,true,future: move_line,Target pose follow segment; dry-run only; no SDK call is made.
162,move_line,161,7.740315582,-0.004876406,-0.031993594,0.000000000,0.000000000,1.000000000,0.000000000,0.000000000,0.025000000,0.200000000,1,stroke,true,future: move_line,Target pose follow segment; dry-run only; no SDK call is made.
163,move_line,162,7.786490413,-0.003745547,-0.031761797,0.000000000,0.000000000,1.000000000,0.000000000,0.000000000,0.025000000,0.200000000,1,stroke,true,future: move_line,Target pose follow segment; dry-run only; no SDK call is made.
164,move_line,163,7.832665245,-0.002614688,-0.031530000,0.000000000,0.000000000,1.000000000,0.000000000,0.000000000,0.025000000,0.200000000,1,stroke,true,future: move_line,Target pose follow segment; dry-run only; no SDK call is made.
165,move_line,164,7.878847407,-0.001483594,-0.031298437,0.000000000,0.000000000,1.000000000,0.000000000,0.000000000,0.025000000,0.200000000,1,stroke,true,future: move_line,Target pose follow segment; dry-run only; no SDK call is made.
166,move_line,165,7.925029561,-0.000352500,-0.031066875,0.000000000,0.000000000,1.000000000,0.000000000,0.000000000,0.025000000,0.200000000,1,stroke,true,future: move_line,Target pose follow segment; dry-run only; no SDK call is made.
167,move_line,166,7.971204393,0.000778359,-0.030835078,0.000000000,0.000000000,1.000000000,0.000000000,0.000000000,0.025000000,0.200000000,1,stroke,true,future: move_line,Target pose follow segment; dry-run only; no SDK call is made.
168,move_line,167,8.017379264,0.001909219,-0.030603281,0.000000000,0.000000000,1.000000000,0.000000000,0.000000000,0.025000000,0.200000000,1,stroke,true,future: move_line,Target pose follow segment; dry-run only; no SDK call is made.
169,move_line,168,8.063561418,0.003040313,-0.030371719,0.000000000,0.000000000,1.000000000,0.000000000,0.000000000,0.025000000,0.200000000,1,stroke,true,future: move_line,Target pose follow segment; dry-run only; no SDK call is made.
170,move_line,169,8.109743541,0.004171406,-0.030140156,0.000000000,0.000000000,1.000000000,0.000000000,0.000000000,0.025000000,0.200000000,1,stroke,true,future: move_line,Target pose follow segment; dry-run only; no SDK call is made.
171,move_line,170,8.155912346,0.005303203,-0.029913750,0.000000000,0.000000000,1.000000000,0.000000000,0.000000000,0.025000000,0.200000000,1,stroke,true,future: move_line,Target pose follow segment; dry-run only; no SDK call is made.
172,move_line,171,8.202081152,0.006435000,-0.029687344,0.000000000,0.000000000,1.000000000,0.000000000,0.000000000,0.025000000,0.200000000,1,stroke,true,future: move_line,Target pose follow segment; dry-run only; no SDK call is made.
173,move_line,172,8.248242837,0.007570547,-0.029481562,0.000000000,0.000000000,1.000000000,0.000000000,0.000000000,0.025000000,0.200000000,1,stroke,true,future: move_line,Target pose follow segment; dry-run only; no SDK call is made.
174,move_line,173,8.294404515,0.008706094,-0.029275781,0.000000000,0.000000000,1.000000000,0.000000000,0.000000000,0.025000000,0.200000000,1,stroke,true,future: move_line,Target pose follow segment; dry-run only; no SDK call is made.
175,move_line,174,8.340582691,0.009846797,-0.029098125,0.000000000,0.000000000,1.000000000,0.000000000,0.000000000,0.025000000,0.200000000,1,stroke,true,future: move_line,Target pose follow segment; dry-run only; no SDK call is made.
176,move_line,175,8.386760868,0.010987500,-0.028920469,0.000000000,0.000000000,1.000000000,0.000000000,0.000000000,0.025000000,0.200000000,1,stroke,true,future: move_line,Target pose follow segment; dry-run only; no SDK call is made.
177,move_line,176,8.432937436,0.012129375,-0.028750782,0.000000000,0.000000000,1.000000000,0.000000000,0.000000000,0.025000000,0.200000000,1,stroke,true,future: move_line,Target pose follow segment; dry-run only; no SDK call is made.
178,move_line,177,8.479114011,0.013271250,-0.028581094,0.000000000,0.000000000,1.000000000,0.000000000,0.000000000,0.025000000,0.200000000,1,stroke,true,future: move_line,Target pose follow segment; dry-run only; no SDK call is made.
179,move_line,178,8.525286461,0.014413125,-0.028412109,0.000000000,0.000000000,1.000000000,0.000000000,0.000000000,0.025000000,0.200000000,1,stroke,true,future: move_line,Target pose follow segment; dry-run only; no SDK call is made.
180,move_line,179,8.571458905,0.015555000,-0.028243125,0.000000000,0.000000000,1.000000000,0.000000000,0.000000000,0.025000000,0.200000000,1,stroke,true,future: move_line,Target pose follow segment; dry-run only; no SDK call is made.
181,move_line,180,8.617640614,0.016697109,-0.028074140,0.000000000,0.000000000,1.000000000,0.000000000,0.000000000,0.025000000,0.200000000,1,stroke,true,future: move_line,Target pose follow segment; dry-run only; no SDK call is made.
182,move_line,181,8.663822356,0.017839219,-0.027905156,0.000000000,0.000000000,1.000000000,0.000000000,0.000000000,0.025000000,0.200000000,1,stroke,true,future: move_line,Target pose follow segment; dry-run only; no SDK call is made.
183,move_line,182,8.710004099,0.018981329,-0.027736172,0.000000000,0.000000000,1.000000000,0.000000000,0.000000000,0.025000000,0.200000000,1,stroke,true,future: move_line,Target pose follow segment; dry-run only; no SDK call is made.
184,move_line,183,8.756185802,0.020123438,-0.027567188,0.000000000,0.000000000,1.000000000,0.000000000,0.000000000,0.025000000,0.200000000,1,stroke,true,future: move_line,Target pose follow segment; dry-run only; no SDK call is made.
185,move_line,184,8.802358246,0.021265313,-0.027398204,0.000000000,0.000000000,1.000000000,0.000000000,0.000000000,0.025000000,0.200000000,1,stroke,true,future: move_line,Target pose follow segment; dry-run only; no SDK call is made.
186,move_line,185,8.848530656,0.022407187,-0.027229219,0.000000000,0.000000000,1.000000000,0.000000000,0.000000000,0.025000000,0.200000000,1,stroke,true,future: move_line,Target pose follow segment; dry-run only; no SDK call is made.
187,move_line,186,8.894708291,0.023549297,-0.027060938,0.000000000,0.000000000,1.000000000,0.000000000,0.000000000,0.025000000,0.200000000,1,stroke,true,future: move_line,Target pose follow segment; dry-run only; no SDK call is made.
188,move_line,187,8.940885893,0.024691406,-0.026892656,0.000000000,0.000000000,1.000000000,0.000000000,0.000000000,0.025000000,0.200000000,1,stroke,true,future: move_line,Target pose follow segment; dry-run only; no SDK call is made.
189,move_line,188,8.987043981,0.025834688,-0.026736093,0.000000000,0.000000000,1.000000000,0.000000000,0.000000000,0.025000000,0.200000000,1,stroke,true,future: move_line,Target pose follow segment; dry-run only; no SDK call is made.
190,move_line,189,9.033202024,0.026977969,-0.026579531,0.000000000,0.000000000,1.000000000,0.000000000,0.000000000,0.025000000,0.200000000,1,stroke,true,future: move_line,Target pose follow segment; dry-run only; no SDK call is made.
191,move_line,190,9.079322999,0.028125469,-0.026466797,0.000000000,0.000000000,1.000000000,0.000000000,0.000000000,0.025000000,0.200000000,1,stroke,true,future: move_line,Target pose follow segment; dry-run only; no SDK call is made.
192,move_line,191,9.125443974,0.029272969,-0.026354063,0.000000000,0.000000000,1.000000000,0.000000000,0.000000000,0.025000000,0.200000000,1,stroke,true,future: move_line,Target pose follow segment; dry-run only; no SDK call is made.
193,move_line,192,9.171598954,0.030424922,-0.026287500,0.000000000,0.000000000,1.000000000,0.000000000,0.000000000,0.025000000,0.200000000,1,stroke,true,future: move_line,Target pose follow segment; dry-run only; no SDK call is made.
194,move_line,193,9.217753934,0.031576875,-0.026220937,0.000000000,0.000000000,1.000000000,0.000000000,0.000000000,0.025000000,0.200000000,1,stroke,true,future: move_line,Target pose follow segment; dry-run only; no SDK call is made.
195,move_line,194,9.263846282,0.032727657,-0.026161640,0.000000000,0.000000000,1.000000000,0.000000000,0.000000000,0.025000000,0.200000000,1,stroke,true,future: move_line,Target pose follow segment; dry-run only; no SDK call is made.
196,move_line,195,9.309938588,0.033878438,-0.026102344,0.000000000,0.000000000,1.000000000,0.000000000,0.000000000,0.025000000,0.200000000,1,stroke,true,future: move_line,Target pose follow segment; dry-run only; no SDK call is made.
197,move_line,196,9.355102397,0.035000391,-0.025975547,0.000000000,0.000000000,1.000000000,0.000000000,0.000000000,0.025000000,0.200000000,1,stroke,true,future: move_line,Target pose follow segment; dry-run only; no SDK call is made.
198,move_line,197,9.400266205,0.036122344,-0.025848750,0.000000000,0.000000000,1.000000000,0.000000000,0.000000000,0.025000000,0.200000000,1,stroke,true,future: move_line,Target pose follow segment; dry-run only; no SDK call is made.
199,move_line,198,9.443541833,0.037128750,-0.025451718,0.000000000,0.000000000,1.000000000,0.000000000,0.000000000,0.025000000,0.200000000,1,stroke,true,future: move_line,Target pose follow segment; dry-run only; no SDK call is made.
200,move_line,199,9.486817445,0.038135156,-0.025054687,0.000000000,0.000000000,1.000000000,0.000000000,0.000000000,0.025000000,0.200000000,1,stroke,true,future: move_line,Target pose follow segment; dry-run only; no SDK call is made.
201,move_line,200,9.531684499,0.039013593,-0.024357187,0.000000000,0.000000000,1.000000000,0.000000000,0.000000000,0.025000000,0.200000000,1,stroke,true,future: move_line,Target pose follow segment; dry-run only; no SDK call is made.
202,move_line,201,9.576551584,0.039892031,-0.023659687,0.000000000,0.000000000,1.000000000,0.000000000,0.000000000,0.025000000,0.200000000,1,stroke,true,future: move_line,Target pose follow segment; dry-run only; no SDK call is made.
203,move_line,202,9.576551584,0.039892031,-0.023659687,0.000000000,0.000000000,1.000000000,0.000000000,0.000000000,0.040000000,0.200000000,1,connector,true,future: move_line,Target pose follow segment; dry-run only; no SDK call is made.
204,move_line,203,9.637083231,0.040112375,-0.021248468,0.000000000,0.000000000,1.000000000,0.000000000,0.000000000,0.040000000,0.200000000,1,connector,true,future: move_line,Target pose follow segment; dry-run only; no SDK call is made.
205,move_line,204,9.697614852,0.040332718,-0.018837250,0.000000000,0.000000000,1.000000000,0.000000000,0.000000000,0.040000000,0.200000000,1,connector,true,future: move_line,Target pose follow segment; dry-run only; no SDK call is made.
206,move_line,205,9.758146499,0.040553062,-0.016426031,0.000000000,0.000000000,1.000000000,0.000000000,0.000000000,0.040000000,0.200000000,1,connector,true,future: move_line,Target pose follow segment; dry-run only; no SDK call is made.
207,move_line,206,9.818678146,0.040773406,-0.014014812,0.000000000,0.000000000,1.000000000,0.000000000,0.000000000,0.040000000,0.200000000,1,connector,true,future: move_line,Target pose follow segment; dry-run only; no SDK call is made.
208,move_line,207,9.879209794,0.040993750,-0.011603593,0.000000000,0.000000000,1.000000000,0.000000000,0.000000000,0.040000000,0.200000000,1,connector,true,future: move_line,Target pose follow segment; dry-run only; no SDK call is made.
209,move_line,208,9.939741414,0.041214093,-0.009192375,0.000000000,0.000000000,1.000000000,0.000000000,0.000000000,0.040000000,0.200000000,1,connector,true,future: move_line,Target pose follow segment; dry-run only; no SDK call is made.
210,move_line,209,10.000273061,0.041434437,-0.006781156,0.000000000,0.000000000,1.000000000,0.000000000,0.000000000,0.040000000,0.200000000,1,connector,true,future: move_line,Target pose follow segment; dry-run only; no SDK call is made.
211,move_line,210,10.060804709,0.041654781,-0.004369937,0.000000000,0.000000000,1.000000000,0.000000000,0.000000000,0.040000000,0.200000000,1,connector,true,future: move_line,Target pose follow segment; dry-run only; no SDK call is made.
212,move_line,211,10.121336356,0.041875125,-0.001958718,0.000000000,0.000000000,1.000000000,0.000000000,0.000000000,0.040000000,0.200000000,1,connector,true,future: move_line,Target pose follow segment; dry-run only; no SDK call is made.
213,move_line,212,10.181867977,0.042095468,0.000452500,0.000000000,0.000000000,1.000000000,0.000000000,0.000000000,0.040000000,0.200000000,1,connector,true,future: move_line,Target pose follow segment; dry-run only; no SDK call is made.
214,move_line,213,10.242399624,0.042315812,0.002863719,0.000000000,0.000000000,1.000000000,0.000000000,0.000000000,0.040000000,0.200000000,1,connector,true,future: move_line,Target pose follow segment; dry-run only; no SDK call is made.
215,move_line,214,10.302931271,0.042536156,0.005274938,0.000000000,0.000000000,1.000000000,0.000000000,0.000000000,0.040000000,0.200000000,1,connector,true,future: move_line,Target pose follow segment; dry-run only; no SDK call is made.
216,move_line,215,10.363462919,0.042756500,0.007686157,0.000000000,0.000000000,1.000000000,0.000000000,0.000000000,0.040000000,0.200000000,1,connector,true,future: move_line,Target pose follow segment; dry-run only; no SDK call is made.
217,move_line,216,10.423994539,0.042976843,0.010097375,0.000000000,0.000000000,1.000000000,0.000000000,0.000000000,0.040000000,0.200000000,1,connector,true,future: move_line,Target pose follow segment; dry-run only; no SDK call is made.
218,move_line,217,10.484526187,0.043197187,0.012508594,0.000000000,0.000000000,1.000000000,0.000000000,0.000000000,0.040000000,0.200000000,1,connector,true,future: move_line,Target pose follow segment; dry-run only; no SDK call is made.
219,move_line,218,10.484526187,0.043197187,0.012508594,0.000000000,0.000000000,1.000000000,0.000000000,0.000000000,0.025000000,0.200000000,1,stroke,true,future: move_line,Target pose follow segment; dry-run only; no SDK call is made.
220,move_line,219,10.530102511,0.044052891,0.011756250,0.000000000,0.000000000,1.000000000,0.000000000,0.000000000,0.025000000,0.200000000,1,stroke,true,future: move_line,Target pose follow segment; dry-run only; no SDK call is made.
221,move_line,220,10.575678805,0.044908594,0.011003906,0.000000000,0.000000000,1.000000000,0.000000000,0.000000000,0.025000000,0.200000000,1,stroke,true,future: move_line,Target pose follow segment; dry-run only; no SDK call is made.
222,move_line,221,10.620828214,0.045603516,0.010114453,0.000000000,0.000000000,1.000000000,0.000000000,0.000000000,0.025000000,0.200000000,1,stroke,true,future: move_line,Target pose follow segment; dry-run only; no SDK call is made.
223,move_line,222,10.665977624,0.046298438,0.009225000,0.000000000,0.000000000,1.000000000,0.000000000,0.000000000,0.025000000,0.200000000,1,stroke,true,future: move_line,Target pose follow segment; dry-run only; no SDK call is made.
224,move_line,223,10.711695807,0.046874062,0.008237578,0.000000000,0.000000000,1.000000000,0.000000000,0.000000000,0.025000000,0.200000000,1,stroke,true,future: move_line,Target pose follow segment; dry-run only; no SDK call is made.
225,move_line,224,10.757414011,0.047449687,0.007250156,0.000000000,0.000000000,1.000000000,0.000000000,0.000000000,0.025000000,0.200000000,1,stroke,true,future: move_line,Target pose follow segment; dry-run only; no SDK call is made.
226,move_line,225,10.802450063,0.047917265,0.006225937,0.000000000,0.000000000,1.000000000,0.000000000,0.000000000,0.025000000,0.200000000,1,stroke,true,future: move_line,Target pose follow segment; dry-run only; no SDK call is made.
227,move_line,226,10.847486095,0.048384844,0.005201719,0.000000000,0.000000000,1.000000000,0.000000000,0.000000000,0.025000000,0.200000000,1,stroke,true,future: move_line,Target pose follow segment; dry-run only; no SDK call is made.
228,move_line,227,10.891216655,0.048553125,0.004121484,0.000000000,0.000000000,1.000000000,0.000000000,0.000000000,0.025000000,0.200000000,1,stroke,true,future: move_line,Target pose follow segment; dry-run only; no SDK call is made.
229,move_line,228,10.934947175,0.048721406,0.003041250,0.000000000,0.000000000,1.000000000,0.000000000,0.000000000,0.025000000,0.200000000,1,stroke,true,future: move_line,Target pose follow segment; dry-run only; no SDK call is made.
230,move_line,229,10.980199767,0.048629531,0.001913672,0.000000000,0.000000000,1.000000000,0.000000000,0.000000000,0.025000000,0.200000000,1,stroke,true,future: move_line,Target pose follow segment; dry-run only; no SDK call is made.
231,move_line,230,11.025452359,0.048537656,0.000786094,0.000000000,0.000000000,1.000000000,0.000000000,0.000000000,0.025000000,0.200000000,1,stroke,true,future: move_line,Target pose follow segment; dry-run only; no SDK call is made.
232,move_line,231,11.071466955,0.048380156,-0.000353438,0.000000000,0.000000000,1.000000000,0.000000000,0.000000000,0.025000000,0.200000000,1,stroke,true,future: move_line,Target pose follow segment; dry-run only; no SDK call is made.
233,move_line,232,11.117481512,0.048222656,-0.001492969,0.000000000,0.000000000,1.000000000,0.000000000,0.000000000,0.025000000,0.200000000,1,stroke,true,future: move_line,Target pose follow segment; dry-run only; no SDK call is made.
234,move_line,233,11.163560582,0.048060234,-0.002633438,0.000000000,0.000000000,1.000000000,0.000000000,0.000000000,0.025000000,0.200000000,1,stroke,true,future: move_line,Target pose follow segment; dry-run only; no SDK call is made.
235,move_line,234,11.209639613,0.047897812,-0.003773906,0.000000000,0.000000000,1.000000000,0.000000000,0.000000000,0.025000000,0.200000000,1,stroke,true,future: move_line,Target pose follow segment; dry-run only; no SDK call is made.
236,move_line,235,11.255720004,0.047735156,-0.004914375,0.000000000,0.000000000,1.000000000,0.000000000,0.000000000,0.025000000,0.200000000,1,stroke,true,future: move_line,Target pose follow segment; dry-run only; no SDK call is made.
237,move_line,236,11.301800394,0.047572500,-0.006054844,0.000000000,0.000000000,1.000000000,0.000000000,0.000000000,0.025000000,0.200000000,1,stroke,true,future: move_line,Target pose follow segment; dry-run only; no SDK call is made.
238,move_line,237,11.347880746,0.047409844,-0.007195312,0.000000000,0.000000000,1.000000000,0.000000000,0.000000000,0.025000000,0.200000000,1,stroke,true,future: move_line,Target pose follow segment; dry-run only; no SDK call is made.
239,move_line,238,11.393961137,0.047247188,-0.008335781,0.000000000,0.000000000,1.000000000,0.000000000,0.000000000,0.025000000,0.200000000,1,stroke,true,future: move_line,Target pose follow segment; dry-run only; no SDK call is made.
240,move_line,239,11.440040207,0.047084766,-0.009476250,0.000000000,0.000000000,1.000000000,0.000000000,0.000000000,0.025000000,0.200000000,1,stroke,true,future: move_line,Target pose follow segment; dry-run only; no SDK call is made.
241,move_line,240,11.486119277,0.046922344,-0.010616719,0.000000000,0.000000000,1.000000000,0.000000000,0.000000000,0.025000000,0.200000000,1,stroke,true,future: move_line,Target pose follow segment; dry-run only; no SDK call is made.
242,move_line,241,11.532190368,0.046759687,-0.011756953,0.000000000,0.000000000,1.000000000,0.000000000,0.000000000,0.025000000,0.200000000,1,stroke,true,future: move_line,Target pose follow segment; dry-run only; no SDK call is made.
243,move_line,242,11.578261492,0.046597031,-0.012897188,0.000000000,0.000000000,1.000000000,0.000000000,0.000000000,0.025000000,0.200000000,1,stroke,true,future: move_line,Target pose follow segment; dry-run only; no SDK call is made.
244,move_line,243,11.624341883,0.046434375,-0.014037657,0.000000000,0.000000000,1.000000000,0.000000000,0.000000000,0.025000000,0.200000000,1,stroke,true,future: move_line,Target pose follow segment; dry-run only; no SDK call is made.
245,move_line,244,11.670422235,0.046271719,-0.015178125,0.000000000,0.000000000,1.000000000,0.000000000,0.000000000,0.025000000,0.200000000,1,stroke,true,future: move_line,Target pose follow segment; dry-run only; no SDK call is made.
246,move_line,245,11.716501305,0.046109297,-0.016318594,0.000000000,0.000000000,1.000000000,0.000000000,0.000000000,0.025000000,0.200000000,1,stroke,true,future: move_line,Target pose follow segment; dry-run only; no SDK call is made.
247,move_line,246,11.762580375,0.045946875,-0.017459063,0.000000000,0.000000000,1.000000000,0.000000000,0.000000000,0.025000000,0.200000000,1,stroke,true,future: move_line,Target pose follow segment; dry-run only; no SDK call is made.
248,move_line,247,11.808660732,0.045784218,-0.018599531,0.000000000,0.000000000,1.000000000,0.000000000,0.000000000,0.025000000,0.200000000,1,stroke,true,future: move_line,Target pose follow segment; dry-run only; no SDK call is made.
249,move_line,248,11.854741123,0.045621562,-0.019740000,0.000000000,0.000000000,1.000000000,0.000000000,0.000000000,0.025000000,0.200000000,1,stroke,true,future: move_line,Target pose follow segment; dry-run only; no SDK call is made.
250,move_line,249,11.900821514,0.045458906,-0.020880469,0.000000000,0.000000000,1.000000000,0.000000000,0.000000000,0.025000000,0.200000000,1,stroke,true,future: move_line,Target pose follow segment; dry-run only; no SDK call is made.
251,move_line,250,11.946901905,0.045296250,-0.022020938,0.000000000,0.000000000,1.000000000,0.000000000,0.000000000,0.025000000,0.200000000,1,stroke,true,future: move_line,Target pose follow segment; dry-run only; no SDK call is made.
252,move_line,251,11.992980935,0.045133828,-0.023161406,0.000000000,0.000000000,1.000000000,0.000000000,0.000000000,0.025000000,0.200000000,1,stroke,true,future: move_line,Target pose follow segment; dry-run only; no SDK call is made.
253,move_line,252,12.039060005,0.044971406,-0.024301875,0.000000000,0.000000000,1.000000000,0.000000000,0.000000000,0.025000000,0.200000000,1,stroke,true,future: move_line,Target pose follow segment; dry-run only; no SDK call is made.
254,move_line,253,12.085140396,0.044808750,-0.025442344,0.000000000,0.000000000,1.000000000,0.000000000,0.000000000,0.025000000,0.200000000,1,stroke,true,future: move_line,Target pose follow segment; dry-run only; no SDK call is made.
255,move_line,254,12.131220787,0.044646094,-0.026582813,0.000000000,0.000000000,1.000000000,0.000000000,0.000000000,0.025000000,0.200000000,1,stroke,true,future: move_line,Target pose follow segment; dry-run only; no SDK call is made.
256,move_line,255,12.177301144,0.044483437,-0.027723281,0.000000000,0.000000000,1.000000000,0.000000000,0.000000000,0.025000000,0.200000000,1,stroke,true,future: move_line,Target pose follow segment; dry-run only; no SDK call is made.
257,move_line,256,12.223381535,0.044320781,-0.028863750,0.000000000,0.000000000,1.000000000,0.000000000,0.000000000,0.025000000,0.200000000,1,stroke,true,future: move_line,Target pose follow segment; dry-run only; no SDK call is made.
258,move_line,257,12.269461926,0.044158125,-0.030004219,0.000000000,0.000000000,1.000000000,0.000000000,0.000000000,0.025000000,0.200000000,1,stroke,true,future: move_line,Target pose follow segment; dry-run only; no SDK call is made.
259,move_line,258,12.315542317,0.043995469,-0.031144688,0.000000000,0.000000000,1.000000000,0.000000000,0.000000000,0.025000000,0.200000000,1,stroke,true,future: move_line,Target pose follow segment; dry-run only; no SDK call is made.
260,move_line,259,12.361621347,0.043833047,-0.032285156,0.000000000,0.000000000,1.000000000,0.000000000,0.000000000,0.025000000,0.200000000,1,stroke,true,future: move_line,Target pose follow segment; dry-run only; no SDK call is made.
261,move_line,260,12.407700418,0.043670625,-0.033425625,0.000000000,0.000000000,1.000000000,0.000000000,0.000000000,0.025000000,0.200000000,1,stroke,true,future: move_line,Target pose follow segment; dry-run only; no SDK call is made.
262,move_line,261,12.453780808,0.043507969,-0.034566094,0.000000000,0.000000000,1.000000000,0.000000000,0.000000000,0.025000000,0.200000000,1,stroke,true,future: move_line,Target pose follow segment; dry-run only; no SDK call is made.
263,move_line,262,12.499861205,0.043345312,-0.035706563,0.000000000,0.000000000,1.000000000,0.000000000,0.000000000,0.025000000,0.200000000,1,stroke,true,future: move_line,Target pose follow segment; dry-run only; no SDK call is made.
264,move_line,263,12.545941556,0.043182656,-0.036847031,0.000000000,0.000000000,1.000000000,0.000000000,0.000000000,0.025000000,0.200000000,1,stroke,true,future: move_line,Target pose follow segment; dry-run only; no SDK call is made.
265,move_line,264,12.592021947,0.043020000,-0.037987500,0.000000000,0.000000000,1.000000000,0.000000000,0.000000000,0.025000000,0.200000000,1,stroke,true,future: move_line,Target pose follow segment; dry-run only; no SDK call is made.
266,move_line,265,12.638101017,0.042857578,-0.039127969,0.000000000,0.000000000,1.000000000,0.000000000,0.000000000,0.025000000,0.200000000,1,stroke,true,future: move_line,Target pose follow segment; dry-run only; no SDK call is made.
267,move_line,266,12.684180088,0.042695156,-0.040268438,0.000000000,0.000000000,1.000000000,0.000000000,0.000000000,0.025000000,0.200000000,1,stroke,true,future: move_line,Target pose follow segment; dry-run only; no SDK call is made.
268,move_line,267,12.730260478,0.042532500,-0.041408907,0.000000000,0.000000000,1.000000000,0.000000000,0.000000000,0.025000000,0.200000000,1,stroke,true,future: move_line,Target pose follow segment; dry-run only; no SDK call is made.
269,move_line,268,12.776340830,0.042369844,-0.042549375,0.000000000,0.000000000,1.000000000,0.000000000,0.000000000,0.025000000,0.200000000,1,stroke,true,future: move_line,Target pose follow segment; dry-run only; no SDK call is made.
270,move_line,269,12.822421221,0.042207188,-0.043689844,0.000000000,0.000000000,1.000000000,0.000000000,0.000000000,0.025000000,0.200000000,1,stroke,true,future: move_line,Target pose follow segment; dry-run only; no SDK call is made.
271,move_line,270,12.868501617,0.042044531,-0.044830313,0.000000000,0.000000000,1.000000000,0.000000000,0.000000000,0.025000000,0.200000000,1,stroke,true,future: move_line,Target pose follow segment; dry-run only; no SDK call is made.
272,move_line,271,12.914580687,0.041882109,-0.045970782,0.000000000,0.000000000,1.000000000,0.000000000,0.000000000,0.025000000,0.200000000,1,stroke,true,future: move_line,Target pose follow segment; dry-run only; no SDK call is made.
273,move_line,272,12.960659712,0.041719688,-0.047111250,0.000000000,0.000000000,1.000000000,0.000000000,0.000000000,0.025000000,0.200000000,1,stroke,true,future: move_line,Target pose follow segment; dry-run only; no SDK call is made.
274,move_line,273,13.006740109,0.041557031,-0.048251719,0.000000000,0.000000000,1.000000000,0.000000000,0.000000000,0.025000000,0.200000000,1,stroke,true,future: move_line,Target pose follow segment; dry-run only; no SDK call is made.
275,move_line,274,13.052820500,0.041394375,-0.049392188,0.000000000,0.000000000,1.000000000,0.000000000,0.000000000,0.025000000,0.200000000,1,stroke,true,future: move_line,Target pose follow segment; dry-run only; no SDK call is made.
276,move_line_retract,274,13.052820500,0.041394375,-0.049392188,0.030000000,0.000000000,1.000000000,0.000000000,0.000000000,0.050000000,0.200000000,0,retract,true,future: move_line,Safe retract pose after final target; dry-run only; no SDK call is made.
