pose_id,X_m,Y_m,Z_m,radius_m,step_m,speed_m_s,time_ok,quaternion_ok,within_envelope,has_nan_or_inf,notes
0,-0.007587656,0.049392188,0.000000000,0.049971600,0.000000000,0.025000000,True,True,True,False,
1,-0.006700312,0.048627422,0.000000000,0.049086865,0.001171429,0.025000000,True,True,True,False,
2,-0.005812969,0.047862656,0.000000000,0.048214359,0.001171428,0.025000000,True,True,True,False,
3,-0.004925625,0.047098125,0.000000000,0.047354991,0.001171276,0.025000000,True,True,True,False,
4,-0.004038281,0.046333594,0.000000000,0.046509243,0.001171276,0.025000000,True,True,True,False,
5,-0.003158671,0.045565547,0.000000000,0.045674898,0.001167737,0.025000000,True,True,True,False,
6,-0.002279062,0.044797500,0.000000000,0.044855436,0.001167736,0.025000000,True,True,True,False,
7,-0.001495781,0.043986797,0.000000000,0.044012222,0.001127284,0.025000000,True,True,True,False,
8,-0.000712500,0.043176094,0.000000000,0.043181973,0.001127284,0.025000000,True,True,True,False,
9,-0.000290390,0.042205078,0.000000000,0.042206077,0.001058796,0.025000000,True,True,True,False,
10,0.000131719,0.041234063,0.000000000,0.041234273,0.001058795,0.025000000,True,True,True,False,
11,0.000202265,0.040107422,0.000000000,0.040107932,0.001128848,0.025000000,True,True,True,False,
12,0.000272812,0.038980781,0.000000000,0.038981736,0.001128848,0.025000000,True,True,True,False,
13,0.000251016,0.037812891,0.000000000,0.037813724,0.001168093,0.025000000,True,True,True,False,
14,0.000229219,0.036645000,0.000000000,0.036645717,0.001168094,0.025000000,True,True,True,False,
15,0.000200157,0.035474063,0.000000000,0.035474628,0.001171298,0.025000000,True,True,True,False,
16,0.000171094,0.034303125,0.000000000,0.034303552,0.001171299,0.025000000,True,True,True,False,
17,0.000142032,0.033132188,0.000000000,0.033132492,0.001171298,0.025000000,True,True,True,False,
18,0.000112969,0.031961250,0.000000000,0.031961450,0.001171299,0.025000000,True,True,True,False,
19,0.000083906,0.030790312,0.000000000,0.030790426,0.001171299,0.025000000,True,True,True,False,
20,0.000054844,0.029619375,0.000000000,0.029619426,0.001171298,0.025000000,True,True,True,False,
21,0.000025547,0.028448438,0.000000000,0.028448449,0.001171303,0.025000000,True,True,True,False,
22,-0.000003750,0.027277500,0.000000000,0.027277500,0.001171304,0.025000000,True,True,True,False,
23,-0.000032813,0.026106563,0.000000000,0.026106584,0.001171298,0.025000000,True,True,True,False,
24,-0.000061875,0.024935625,0.000000000,0.024935702,0.001171299,0.025000000,True,True,True,False,
25,-0.000090938,0.023764453,0.000000000,0.023764627,0.001171533,0.025000000,True,True,True,False,
26,-0.000120000,0.022593281,0.000000000,0.022593600,0.001171533,0.025000000,True,True,True,False,
27,-0.000149062,0.021422344,0.000000000,0.021422863,0.001171298,0.025000000,True,True,True,False,
28,-0.000178125,0.020251406,0.000000000,0.020252189,0.001171299,0.025000000,True,True,True,False,
29,-0.000207422,0.019080469,0.000000000,0.019081596,0.001171303,0.025000000,True,True,True,False,
30,-0.000236719,0.017909531,0.000000000,0.017911095,0.001171304,0.025000000,True,True,True,False,
31,-0.000265782,0.016738594,0.000000000,0.016740704,0.001171298,0.025000000,True,True,True,False,
32,-0.000294844,0.015567656,0.000000000,0.015570448,0.001171299,0.025000000,True,True,True,False,
33,-0.000323906,0.014396718,0.000000000,0.014400361,0.001171299,0.025000000,True,True,True,False,
34,-0.000352969,0.013225781,0.000000000,0.013230490,0.001171298,0.025000000,True,True,True,False,
35,-0.000382031,0.012054844,0.000000000,0.012060896,0.001171298,0.025000000,True,True,True,False,
36,-0.000411094,0.010883906,0.000000000,0.010891667,0.001171299,0.025000000,True,True,True,False,
37,-0.000440157,0.009712734,0.000000000,0.009722702,0.001171533,0.025000000,True,True,True,False,
38,-0.000469219,0.008541562,0.000000000,0.008554440,0.001171533,0.025000000,True,True,True,False,
39,-0.000498516,0.007370624,0.000000000,0.007387463,0.001171304,0.025000000,True,True,True,False,
40,-0.000527813,0.006199687,0.000000000,0.006222114,0.001171303,0.025000000,True,True,True,False,
41,-0.000556875,0.005028750,0.000000000,0.005059490,0.001171298,0.025000000,True,True,True,False,
42,-0.000585938,0.003857813,0.000000000,0.003902056,0.001171298,0.025000000,True,True,True,False,
43,-0.000615000,0.002686875,0.000000000,0.002756360,0.001171299,0.025000000,True,True,True,False,
44,-0.000644062,0.001515937,0.000000000,0.001647083,0.001171299,0.025000000,True,True,True,False,
45,-0.000673125,0.000345000,0.000000000,0.000756388,0.001171298,0.025000000,True,True,True,False,
46,-0.000702188,-0.000825938,0.000000000,0.001084086,0.001171299,0.025000000,True,True,True,False,
47,-0.000731485,-0.001996876,0.000000000,0.002126637,0.001171304,0.025000000,True,True,True,False,
48,-0.000760781,-0.003167813,0.000000000,0.003257887,0.001171303,0.025000000,True,True,True,False,
49,-0.000789844,-0.004338750,0.000000000,0.004410057,0.001171298,0.025000000,True,True,True,False,
50,-0.000818906,-0.005509687,0.000000000,0.005570212,0.001171298,0.025000000,True,True,True,False,
51,-0.000847969,-0.006680859,0.000000000,0.006734458,0.001171533,0.025000000,True,True,True,False,
52,-0.000877031,-0.007852031,0.000000000,0.007900859,0.001171533,0.025000000,True,True,True,False,
53,-0.000906093,-0.009022969,0.000000000,0.009068350,0.001171299,0.025000000,True,True,True,False,
54,-0.000935156,-0.010193906,0.000000000,0.010236710,0.001171298,0.025000000,True,True,True,False,
55,-0.000964218,-0.011364843,0.000000000,0.011405673,0.001171298,0.025000000,True,True,True,False,
56,-0.000993281,-0.012535781,0.000000000,0.012575071,0.001171299,0.025000000,True,True,True,False,
57,-0.001022578,-0.013706719,0.000000000,0.013744810,0.001171304,0.025000000,True,True,True,False,
58,-0.001051875,-0.014877656,0.000000000,0.014914794,0.001171303,0.025000000,True,True,True,False,
59,-0.001080938,-0.016048593,0.000000000,0.016084955,0.001171298,0.025000000,True,True,True,False,
60,-0.001110000,-0.017219531,0.000000000,0.017255270,0.001171299,0.025000000,True,True,True,False,
61,-0.001140469,-0.018390000,0.000000000,0.018425330,0.001170866,0.025000000,True,True,True,False,
62,-0.001170938,-0.019560469,0.000000000,0.019595485,0.001170866,0.025000000,True,True,True,False,
63,-0.001229062,-0.020720625,0.000000000,0.020757044,0.001161611,0.025000000,True,True,True,False,
64,-0.001287187,-0.021880781,0.000000000,0.021918609,0.001161611,0.025000000,True,True,True,False,
65,-0.001516875,-0.022977422,0.000000000,0.023027436,0.001120437,0.025000000,True,True,True,False,
66,-0.001746562,-0.024074063,0.000000000,0.024137336,0.001120436,0.025000000,True,True,True,False,
67,-0.002358281,-0.025029141,0.000000000,0.025139996,0.001134184,0.025000000,True,True,True,False,
68,-0.002970000,-0.025984219,0.000000000,0.026153404,0.001134184,0.025000000,True,True,True,False,
69,-0.003701250,-0.026894766,0.000000000,0.027148254,0.001167828,0.025000000,True,True,True,False,
70,-0.004432500,-0.027805313,0.000000000,0.028156393,0.001167828,0.025000000,True,True,True,False,
71,-0.004432500,-0.027805313,0.000000000,0.028156393,0.000000000,0.040000000,True,True,True,False,
72,-0.006557478,-0.026511875,0.000000000,0.027310804,0.002487672,0.040000000,True,True,True,False,
73,-0.008682455,-0.025218438,0.000000000,0.026671232,0.002487671,0.040000000,True,True,True,False,
74,-0.010807433,-0.023925000,0.000000000,0.026252738,0.002487672,0.040000000,True,True,True,False,
75,-0.012932411,-0.022631563,0.000000000,0.026065972,0.002487672,0.040000000,True,True,True,False,
76,-0.015057388,-0.021338125,0.000000000,0.026115905,0.002487671,0.040000000,True,True,True,False,
77,-0.017182366,-0.020044688,0.000000000,0.026401197,0.002487672,0.040000000,True,True,True,False,
78,-0.019307344,-0.018751250,0.000000000,0.026914363,0.002487672,0.040000000,True,True,True,False,
79,-0.021432321,-0.017457813,0.000000000,0.027642714,0.002487671,0.040000000,True,True,True,False,
80,-0.023557299,-0.016164375,0.000000000,0.028569798,0.002487672,0.040000000,True,True,True,False,
81,-0.025682277,-0.014870938,0.000000000,0.029676997,0.002487672,0.040000000,True,True,True,False,
82,-0.027807254,-0.013577500,0.000000000,0.030944982,0.002487671,0.040000000,True,True,True,False,
83,-0.029932232,-0.012284063,0.000000000,0.032354856,0.002487672,0.040000000,True,True,True,False,
84,-0.032057210,-0.010990625,0.000000000,0.033888915,0.002487672,0.040000000,True,True,True,False,
85,-0.034182187,-0.009697188,0.000000000,0.035531076,0.002487671,0.040000000,True,True,True,False,
86,-0.036307165,-0.008403750,0.000000000,0.037267053,0.002487672,0.040000000,True,True,True,False,
87,-0.038432143,-0.007110313,0.000000000,0.039084347,0.002487672,0.040000000,True,True,True,False,
88,-0.040557120,-0.005816875,0.000000000,0.040972137,0.002487671,0.040000000,True,True,True,False,
89,-0.042682098,-0.004523438,0.000000000,0.042921125,0.002487672,0.040000000,True,True,True,False,
90,-0.044807076,-0.003230000,0.000000000,0.044923345,0.002487672,0.040000000,True,True,True,False,
91,-0.046932053,-0.001936563,0.000000000,0.046971990,0.002487671,0.040000000,True,True,True,False,
92,-0.049057031,-0.000643125,0.000000000,0.049061246,0.002487672,0.040000000,True,True,True,False,
93,-0.049057031,-0.000643125,0.000000000,0.049061246,0.000000000,0.025000000,True,True,True,False,
94,-0.048198515,-0.001410000,0.000000000,0.048219135,0.001151150,0.025000000,True,True,True,False,
95,-0.047340000,-0.002176875,0.000000000,0.047390024,0.001151150,0.025000000,True,True,True,False,
96,-0.046557187,-0.003007265,0.000000000,0.046654210,0.001141203,0.025000000,True,True,True,False,
97,-0.045774375,-0.003837656,0.000000000,0.045934965,0.001141203,0.025000000,True,True,True,False,
98,-0.045140625,-0.004791328,0.000000000,0.045394194,0.001145046,0.025000000,True,True,True,False,
99,-0.044506875,-0.005745000,0.000000000,0.044876129,0.001145046,0.025000000,True,True,True,False,
100,-0.043961719,-0.006749297,0.000000000,0.044476800,0.001142719,0.025000000,True,True,True,False,
101,-0.043416562,-0.007753594,0.000000000,0.044103470,0.001142720,0.025000000,True,True,True,False,
102,-0.043056797,-0.008816016,0.000000000,0.043950084,0.001121682,0.025000000,True,True,True,False,
103,-0.042697031,-0.009878438,0.000000000,0.043824879,0.001121683,0.025000000,True,True,True,False,
104,-0.042564375,-0.011010234,0.000000000,0.043965342,0.001139544,0.025000000,True,True,True,False,
105,-0.042431719,-0.012142031,0.000000000,0.044134790,0.001139545,0.025000000,True,True,True,False,
106,-0.042363750,-0.013293046,0.000000000,0.044400365,0.001153020,0.025000000,True,True,True,False,
107,-0.042295781,-0.014444062,0.000000000,0.044694116,0.001153021,0.025000000,True,True,True,False,
108,-0.042234140,-0.015596953,0.000000000,0.045022078,0.001154538,0.025000000,True,True,True,False,
109,-0.042172500,-0.016749844,0.000000000,0.045377054,0.001154538,0.025000000,True,True,True,False,
110,-0.042129843,-0.017902266,0.000000000,0.045775701,0.001153211,0.025000000,True,True,True,False,
111,-0.042087187,-0.019054688,0.000000000,0.046199702,0.001153211,0.025000000,True,True,True,False,
112,-0.042110156,-0.020206641,0.000000000,0.046707318,0.001152182,0.025000000,True,True,True,False,
113,-0.042133125,-0.021358594,0.000000000,0.047237588,0.001152182,0.025000000,True,True,True,False,
114,-0.042207891,-0.022509609,0.000000000,0.047835014,0.001153441,0.025000000,True,True,True,False,
115,-0.042282656,-0.023660625,0.000000000,0.048452535,0.001153442,0.025000000,True,True,True,False,
116,-0.042369844,-0.024811875,0.000000000,0.049100232,0.001154547,0.025000000,True,True,True,False,
117,-0.042457031,-0.025963125,0.000000000,0.049766287,0.001154547,0.025000000,True,True,True,False,
118,-0.042545390,-0.027114141,0.000000000,0.050450836,0.001154403,0.025000000,True,True,True,False,
119,-0.042633750,-0.028265156,0.000000000,0.051152279,0.001154402,0.025000000,True,True,True,False,
120,-0.042722110,-0.029416172,0.000000000,0.051869932,0.001154403,0.025000000,True,True,True,False,
121,-0.042810469,-0.030567188,0.000000000,0.052603130,0.001154403,0.025000000,True,True,True,False,
122,-0.042898829,-0.031718438,0.000000000,0.053351371,0.001154636,0.025000000,True,True,True,False,
123,-0.042987188,-0.032869688,0.000000000,0.054113905,0.001154636,0.025000000,True,True,True,False,
124,-0.043073204,-0.034018594,0.000000000,0.054886844,0.001152121,0.025000000,True,True,True,False,
125,-0.043159219,-0.035167500,0.000000000,0.055672895,0.001152121,0.025000000,True,True,True,False,
126,-0.043201875,-0.036275625,0.000000000,0.056412082,0.001108946,0.025000000,True,True,True,False,
127,-0.043244531,-0.037383750,0.000000000,0.057163224,0.001108946,0.025000000,True,True,True,False,
128,-0.042751406,-0.039052969,0.000000000,0.057903515,0.001740536,0.025000000,True,True,True,False,
129,-0.040904531,-0.039444375,0.000000000,0.056824637,0.001887895,0.025000000,True,True,True,False,
130,-0.039768984,-0.039434765,0.000000000,0.056006007,0.001135588,0.025000000,True,True,True,False,
131,-0.038633437,-0.039425156,0.000000000,0.055198599,0.001135588,0.025000000,True,True,True,False,
132,-0.037486875,-0.039349218,0.000000000,0.054347279,0.001149074,0.025000000,True,True,True,False,
133,-0.036340313,-0.039273281,0.000000000,0.053507093,0.001149074,0.025000000,True,True,True,False,
134,-0.035216016,-0.039041719,0.000000000,0.052577786,0.001147896,0.025000000,True,True,True,False,
135,-0.034091719,-0.038810156,0.000000000,0.051657270,0.001147896,0.025000000,True,True,True,False,
136,-0.032976328,-0.038516250,0.000000000,0.050704435,0.001153463,0.025000000,True,True,True,False,
137,-0.031860937,-0.038222344,0.000000000,0.049760093,0.001153463,0.025000000,True,True,True,False,
138,-0.030746953,-0.037919766,0.000000000,0.048818887,0.001154346,0.025000000,True,True,True,False,
139,-0.029632969,-0.037617188,0.000000000,0.047887010,0.001154346,0.025000000,True,True,True,False,
140,-0.028518750,-0.037314375,0.000000000,0.046964685,0.001154634,0.025000000,True,True,True,False,
141,-0.027404531,-0.037011562,0.000000000,0.046052840,0.001154634,0.025000000,True,True,True,False,
142,-0.026290546,-0.036708984,0.000000000,0.045152434,0.001154347,0.025000000,True,True,True,False,
143,-0.025176562,-0.036406406,0.000000000,0.044263819,0.001154346,0.025000000,True,True,True,False,
144,-0.024061172,-0.036108984,0.000000000,0.043391229,0.001154363,0.025000000,True,True,True,False,
145,-0.022945781,-0.035811563,0.000000000,0.042532069,0.001154364,0.025000000,True,True,True,False,
146,-0.021825235,-0.035536406,0.000000000,0.041703442,0.001153835,0.025000000,True,True,True,False,
147,-0.020704688,-0.035261250,0.000000000,0.040890584,0.001153836,0.025000000,True,True,True,False,
148,-0.019576172,-0.035018906,0.000000000,0.040119201,0.001154244,0.025000000,True,True,True,False,
149,-0.018447656,-0.034776562,0.000000000,0.039366550,0.001154244,0.025000000,True,True,True,False,
150,-0.017316797,-0.034544062,0.000000000,0.038641476,0.001154512,0.025000000,True,True,True,False,
151,-0.016185938,-0.034311563,0.000000000,0.037937685,0.001154512,0.025000000,True,True,True,False,
152,-0.015055079,-0.034079766,0.000000000,0.037257024,0.001154371,0.025000000,True,True,True,False,
153,-0.013924219,-0.033847969,0.000000000,0.036600121,0.001154372,0.025000000,True,True,True,False,
154,-0.012793125,-0.033616172,0.000000000,0.035968195,0.001154601,0.025000000,True,True,True,False,
155,-0.011662031,-0.033384375,0.000000000,0.035362685,0.001154601,0.025000000,True,True,True,False,
156,-0.010531172,-0.033152578,0.000000000,0.034785040,0.001154371,0.025000000,True,True,True,False,
157,-0.009400313,-0.032920781,0.000000000,0.034236584,0.001154371,0.025000000,True,True,True,False,
158,-0.008269454,-0.032688984,0.000000000,0.033718742,0.001154371,0.025000000,True,True,True,False,
159,-0.007138594,-0.032457187,0.000000000,0.033232943,0.001154372,0.025000000,True,True,True,False,
160,-0.006007500,-0.032225391,0.000000000,0.032780572,0.001154601,0.025000000,True,True,True,False,
161,-0.004876406,-0.031993594,0.000000000,0.032363087,0.001154601,0.025000000,True,True,True,False,
162,-0.003745547,-0.031761797,0.000000000,0.031981883,0.001154371,0.025000000,True,True,True,False,
163,-0.002614688,-0.031530000,0.000000000,0.031638228,0.001154371,0.025000000,True,True,True,False,
164,-0.001483594,-0.031298437,0.000000000,0.031333580,0.001154554,0.025000000,True,True,True,False,
165,-0.000352500,-0.031066875,0.000000000,0.031068875,0.001154554,0.025000000,True,True,True,False,
166,0.000778359,-0.030835078,0.000000000,0.030844900,0.001154371,0.025000000,True,True,True,False,
167,0.001909219,-0.030603281,0.000000000,0.030662778,0.001154372,0.025000000,True,True,True,False,
168,0.003040313,-0.030371719,0.000000000,0.030523513,0.001154554,0.025000000,True,True,True,False,
169,0.004171406,-0.030140156,0.000000000,0.030427449,0.001154553,0.025000000,True,True,True,False,
170,0.005303203,-0.029913750,0.000000000,0.030380198,0.001154220,0.025000000,True,True,True,False,
171,0.006435000,-0.029687344,0.000000000,0.030376761,0.001154220,0.025000000,True,True,True,False,
172,0.007570547,-0.029481562,0.000000000,0.030438063,0.001154042,0.025000000,True,True,True,False,
173,0.008706094,-0.029275781,0.000000000,0.030542878,0.001154042,0.025000000,True,True,True,False,
174,0.009846797,-0.029098125,0.000000000,0.030719054,0.001154454,0.025000000,True,True,True,False,
175,0.010987500,-0.028920469,0.000000000,0.030937335,0.001154454,0.025000000,True,True,True,False,
176,0.012129375,-0.028750782,0.000000000,0.031204634,0.001154414,0.025000000,True,True,True,False,
177,0.013271250,-0.028581094,0.000000000,0.031511982,0.001154414,0.025000000,True,True,True,False,
178,0.014413125,-0.028412109,0.000000000,0.031858847,0.001154311,0.025000000,True,True,True,False,
179,0.015555000,-0.028243125,0.000000000,0.032243327,0.001154311,0.025000000,True,True,True,False,
180,0.016697109,-0.028074140,0.000000000,0.032664213,0.001154543,0.025000000,True,True,True,False,
181,0.017839219,-0.027905156,0.000000000,0.033120016,0.001154544,0.025000000,True,True,True,False,
182,0.018981329,-0.027736172,0.000000000,0.033609315,0.001154544,0.025000000,True,True,True,False,
183,0.020123438,-0.027567188,0.000000000,0.034130670,0.001154543,0.025000000,True,True,True,False,
184,0.021265313,-0.027398204,0.000000000,0.034682490,0.001154311,0.025000000,True,True,True,False,
185,0.022407187,-0.027229219,0.000000000,0.035263471,0.001154310,0.025000000,True,True,True,False,
186,0.023549297,-0.027060938,0.000000000,0.035872883,0.001154441,0.025000000,True,True,True,False,
187,0.024691406,-0.026892656,0.000000000,0.036508636,0.001154440,0.025000000,True,True,True,False,
188,0.025834688,-0.026736093,0.000000000,0.037178620,0.001153952,0.025000000,True,True,True,False,
189,0.026977969,-0.026579531,0.000000000,0.037871919,0.001153951,0.025000000,True,True,True,False,
190,0.028125469,-0.026466797,0.000000000,0.038620375,0.001153024,0.025000000,True,True,True,False,
191,0.029272969,-0.026354063,0.000000000,0.039388366,0.001153024,0.025000000,True,True,True,False,
192,0.030424922,-0.026287500,0.000000000,0.040208314,0.001153874,0.025000000,True,True,True,False,
193,0.031576875,-0.026220937,0.000000000,0.041044324,0.001153874,0.025000000,True,True,True,False,
194,0.032727657,-0.026161640,0.000000000,0.041899057,0.001152309,0.025000000,True,True,True,False,
195,0.033878438,-0.026102344,0.000000000,0.042767756,0.001152308,0.025000000,True,True,True,False,
196,0.035000391,-0.025975547,0.000000000,0.043586195,0.001129095,0.025000000,True,True,True,False,
197,0.036122344,-0.025848750,0.000000000,0.044418258,0.001129095,0.025000000,True,True,True,False,
198,0.037128750,-0.025451718,0.000000000,0.045014820,0.001081891,0.025000000,True,True,True,False,
199,0.038135156,-0.025054687,0.000000000,0.045629239,0.001081890,0.025000000,True,True,True,False,
200,0.039013593,-0.024357187,0.000000000,0.045992749,0.001121676,0.025000000,True,True,True,False,
201,0.039892031,-0.023659687,0.000000000,0.046380545,0.001121677,0.025000000,True,True,True,False,
202,0.039892031,-0.023659687,0.000000000,0.046380545,0.000000000,0.040000000,True,True,True,False,
203,0.040112375,-0.021248468,0.000000000,0.045392731,0.002421266,0.040000000,True,True,True,False,
204,0.040332718,-0.018837250,0.000000000,0.044514830,0.002421265,0.040000000,True,True,True,False,
205,0.040553062,-0.016426031,0.000000000,0.043753461,0.002421266,0.040000000,True,True,True,False,
206,0.040773406,-0.014014812,0.000000000,0.043114796,0.002421266,0.040000000,True,True,True,False,
207,0.040993750,-0.011603593,0.000000000,0.042604353,0.002421266,0.040000000,True,True,True,False,
208,0.041214093,-0.009192375,0.000000000,0.042226783,0.002421265,0.040000000,True,True,True,False,
209,0.041434437,-0.006781156,0.000000000,0.041985672,0.002421266,0.040000000,True,True,True,False,
210,0.041654781,-0.004369937,0.000000000,0.041883375,0.002421266,0.040000000,True,True,True,False,
211,0.041875125,-0.001958718,0.000000000,0.041920910,0.002421266,0.040000000,True,True,True,False,
212,0.042095468,0.000452500,0.000000000,0.042097900,0.002421265,0.040000000,True,True,True,False,
213,0.042315812,0.002863719,0.000000000,0.042412602,0.002421266,0.040000000,True,True,True,False,
214,0.042536156,0.005274938,0.000000000,0.042861982,0.002421266,0.040000000,True,True,True,False,
215,0.042756500,0.007686157,0.000000000,0.043441861,0.002421266,0.040000000,True,True,True,False,
216,0.042976843,0.010097375,0.000000000,0.044147095,0.002421265,0.040000000,True,True,True,False,
217,0.043197187,0.012508594,0.000000000,0.044971790,0.002421266,0.040000000,True,True,True,False,
218,0.043197187,0.012508594,0.000000000,0.044971790,0.000000000,0.025000000,True,True,True,False,
219,0.044052891,0.011756250,0.000000000,0.045594590,0.001139408,0.025000000,True,True,True,False,
220,0.044908594,0.011003906,0.000000000,0.046237082,0.001139407,0.025000000,True,True,True,False,
221,0.045603516,0.010114453,0.000000000,0.046711699,0.001128735,0.025000000,True,True,True,False,
222,0.046298438,0.009225000,0.000000000,0.047208537,0.001128735,0.025000000,True,True,True,False,
223,0.046874062,0.008237578,0.000000000,0.047592388,0.001142955,0.025000000,True,True,True,False,
224,0.047449687,0.007250156,0.000000000,0.048000391,0.001142955,0.025000000,True,True,True,False,
225,0.047917265,0.006225937,0.000000000,0.048320043,0.001125901,0.025000000,True,True,True,False,
226,0.048384844,0.005201719,0.000000000,0.048663652,0.001125901,0.025000000,True,True,True,False,
227,0.048553125,0.004121484,0.000000000,0.048727739,0.001093264,0.025000000,True,True,True,False,
228,0.048721406,0.003041250,0.000000000,0.048816233,0.001093263,0.025000000,True,True,True,False,
229,0.048629531,0.001913672,0.000000000,0.048667170,0.001131315,0.025000000,True,True,True,False,
230,0.048537656,0.000786094,0.000000000,0.048544021,0.001131315,0.025000000,True,True,True,False,
231,0.048380156,-0.000353438,0.000000000,0.048381447,0.001150365,0.025000000,True,True,True,False,
232,0.048222656,-0.001492969,0.000000000,0.048245762,0.001150364,0.025000000,True,True,True,False,
233,0.048060234,-0.002633438,0.000000000,0.048132329,0.001151977,0.025000000,True,True,True,False,
234,0.047897812,-0.003773906,0.000000000,0.048046256,0.001151976,0.025000000,True,True,True,False,
235,0.047735156,-0.004914375,0.000000000,0.047987459,0.001152010,0.025000000,True,True,True,False,
236,0.047572500,-0.006054844,0.000000000,0.047956271,0.001152010,0.025000000,True,True,True,False,
237,0.047409844,-0.007195312,0.000000000,0.047952746,0.001152009,0.025000000,True,True,True,False,
238,0.047247188,-0.008335781,0.000000000,0.047976890,0.001152010,0.025000000,True,True,True,False,
239,0.047084766,-0.009476250,0.000000000,0.048028892,0.001151977,0.025000000,True,True,True,False,
240,0.046922344,-0.010616719,0.000000000,0.048108431,0.001151977,0.025000000,True,True,True,False,
241,0.046759687,-0.011756953,0.000000000,0.048215083,0.001151777,0.025000000,True,True,True,False,
242,0.046597031,-0.012897188,0.000000000,0.048348948,0.001151778,0.025000000,True,True,True,False,
243,0.046434375,-0.014037657,0.000000000,0.048509865,0.001152010,0.025000000,True,True,True,False,
244,0.046271719,-0.015178125,0.000000000,0.048697510,0.001152009,0.025000000,True,True,True,False,
245,0.046109297,-0.016318594,0.000000000,0.048911796,0.001151977,0.025000000,True,True,True,False,
246,0.045946875,-0.017459063,0.000000000,0.049152154,0.001151977,0.025000000,True,True,True,False,
247,0.045784218,-0.018599531,0.000000000,0.049417984,0.001152009,0.025000000,True,True,True,False,
248,0.045621562,-0.019740000,0.000000000,0.049709099,0.001152010,0.025000000,True,True,True,False,
249,0.045458906,-0.020880469,0.000000000,0.050025055,0.001152010,0.025000000,True,True,True,False,
250,0.045296250,-0.022020938,0.000000000,0.050365385,0.001152010,0.025000000,True,True,True,False,
251,0.045133828,-0.023161406,0.000000000,0.050729805,0.001151976,0.025000000,True,True,True,False,
252,0.044971406,-0.024301875,0.000000000,0.051117595,0.001151977,0.025000000,True,True,True,False,
253,0.044808750,-0.025442344,0.000000000,0.051528021,0.001152010,0.025000000,True,True,True,False,
254,0.044646094,-0.026582813,0.000000000,0.051960751,0.001152010,0.025000000,True,True,True,False,
255,0.044483437,-0.027723281,0.000000000,0.052415231,0.001152009,0.025000000,True,True,True,False,
256,0.044320781,-0.028863750,0.000000000,0.052890904,0.001152010,0.025000000,True,True,True,False,
257,0.044158125,-0.030004219,0.000000000,0.053387200,0.001152010,0.025000000,True,True,True,False,
258,0.043995469,-0.031144688,0.000000000,0.053903552,0.001152010,0.025000000,True,True,True,False,
259,0.043833047,-0.032285156,0.000000000,0.054439575,0.001151976,0.025000000,True,True,True,False,
260,0.043670625,-0.033425625,0.000000000,0.054994508,0.001151977,0.025000000,True,True,True,False,
261,0.043507969,-0.034566094,0.000000000,0.055567600,0.001152010,0.025000000,True,True,True,False,
262,0.043345312,-0.035706563,0.000000000,0.056158479,0.001152010,0.025000000,True,True,True,False,
263,0.043182656,-0.036847031,0.000000000,0.056766588,0.001152009,0.025000000,True,True,True,False,
264,0.043020000,-0.037987500,0.000000000,0.057391381,0.001152010,0.025000000,True,True,True,False,
265,0.042857578,-0.039127969,0.000000000,0.058032490,0.001151977,0.025000000,True,True,True,False,
266,0.042695156,-0.040268438,0.000000000,0.058689211,0.001151977,0.025000000,True,True,True,False,
267,0.042532500,-0.041408907,0.000000000,0.059360855,0.001152010,0.025000000,True,True,True,False,
268,0.042369844,-0.042549375,0.000000000,0.060047090,0.001152009,0.025000000,True,True,True,False,
269,0.042207188,-0.043689844,0.000000000,0.060747421,0.001152010,0.025000000,True,True,True,False,
270,0.042044531,-0.044830313,0.000000000,0.061461366,0.001152010,0.025000000,True,True,True,False,
271,0.041882109,-0.045970782,0.000000000,0.062188615,0.001151977,0.025000000,True,True,True,False,
272,0.041719688,-0.047111250,0.000000000,0.062928549,0.001151976,0.025000000,True,True,True,False,
273,0.041557031,-0.048251719,0.000000000,0.063680572,0.001152010,0.025000000,True,True,True,False,
274,0.041394375,-0.049392188,0.000000000,0.064444414,0.001152010,0.025000000,True,True,True,False,
