char,style,font_available,rendered_ok,skeleton_success,skeleton_method,font_path,basis_compare_png,font_mask_png,connected_component_count,skeleton_pixel_count,aspect_ratio,bbox_width,bbox_height,branch_point_count,endpoint_count,median_available,median_bbox_width,median_bbox_height,median_aspect_ratio,bbox_aspect_delta_vs_median,warnings
山,kaishu,True,True,True,skimage,C:\Windows\Fonts\simkai.ttf,,D:\sw data\vscode\shufa\experiments\llm_style_trajectory\outputs\font_outline_basis_feasibility_20260619_115008\figures\font_mask_u5c71_kaishu.png,1,354,1.087591,149,137,12,6,True,203.214356,215.04,0.945007,0.142584,
山,xingkai,True,True,True,skimage,C:\Windows\Fonts\STXINGKA.TTF,,D:\sw data\vscode\shufa\experiments\llm_style_trajectory\outputs\font_outline_basis_feasibility_20260619_115008\figures\font_mask_u5c71_xingkai.png,1,398,1.027586,149,145,16,7,True,203.214356,215.04,0.945007,0.082579,
山,lishu,True,True,True,skimage,C:\Windows\Fonts\SIMLI.TTF,,D:\sw data\vscode\shufa\experiments\llm_style_trajectory\outputs\font_outline_basis_feasibility_20260619_115008\figures\font_mask_u5c71_lishu.png,1,332,1.375,154,112,5,4,True,203.214356,215.04,0.945007,0.429993,
中,kaishu,True,True,True,skimage,C:\Windows\Fonts\simkai.ttf,,D:\sw data\vscode\shufa\experiments\llm_style_trajectory\outputs\font_outline_basis_feasibility_20260619_115008\figures\font_mask_u4e2d_kaishu.png,1,498,0.744444,134,180,29,7,True,150.502185,215.04,0.69988,0.044564,
中,xingkai,True,True,True,skimage,C:\Windows\Fonts\STXINGKA.TTF,,D:\sw data\vscode\shufa\experiments\llm_style_trajectory\outputs\font_outline_basis_feasibility_20260619_115008\figures\font_mask_u4e2d_xingkai.png,1,499,0.649746,128,197,30,5,True,150.502185,215.04,0.69988,-0.050134,
中,lishu,True,True,True,skimage,C:\Windows\Fonts\SIMLI.TTF,,D:\sw data\vscode\shufa\experiments\llm_style_trajectory\outputs\font_outline_basis_feasibility_20260619_115008\figures\font_mask_u4e2d_lishu.png,1,427,1.195312,153,128,17,3,True,150.502185,215.04,0.69988,0.495432,
永,kaishu,True,True,True,skimage,C:\Windows\Fonts\simkai.ttf,,D:\sw data\vscode\shufa\experiments\llm_style_trajectory\outputs\font_outline_basis_feasibility_20260619_115008\figures\font_mask_u6c38_kaishu.png,3,480,1.023392,175,171,22,12,True,215.04,203.829384,1.055,-0.031608,
永,xingkai,True,True,True,skimage,C:\Windows\Fonts\STXINGKA.TTF,,D:\sw data\vscode\shufa\experiments\llm_style_trajectory\outputs\font_outline_basis_feasibility_20260619_115008\figures\font_mask_u6c38_xingkai.png,1,541,0.902174,166,184,25,8,True,215.04,203.829384,1.055,-0.152826,
永,lishu,True,True,True,skimage,C:\Windows\Fonts\SIMLI.TTF,,D:\sw data\vscode\shufa\experiments\llm_style_trajectory\outputs\font_outline_basis_feasibility_20260619_115008\figures\font_mask_u6c38_lishu.png,3,462,1.560976,192,123,12,10,True,215.04,203.829384,1.055,0.505976,
人,kaishu,True,True,True,skimage,C:\Windows\Fonts\simkai.ttf,,D:\sw data\vscode\shufa\experiments\llm_style_trajectory\outputs\font_outline_basis_feasibility_20260619_115008\figures\font_mask_u4eba_kaishu.png,1,263,1.345588,183,136,4,4,True,215.04,151.986696,1.414861,-0.069273,
人,xingkai,True,True,True,skimage,C:\Windows\Fonts\STXINGKA.TTF,,D:\sw data\vscode\shufa\experiments\llm_style_trajectory\outputs\font_outline_basis_feasibility_20260619_115008\figures\font_mask_u4eba_xingkai.png,1,236,1.653846,172,104,8,4,True,215.04,151.986696,1.414861,0.238985,
人,lishu,True,True,True,skimage,C:\Windows\Fonts\SIMLI.TTF,,D:\sw data\vscode\shufa\experiments\llm_style_trajectory\outputs\font_outline_basis_feasibility_20260619_115008\figures\font_mask_u4eba_lishu.png,1,228,1.575,189,120,4,3,True,215.04,151.986696,1.414861,0.160139,
国,kaishu,True,True,True,skimage,C:\Windows\Fonts\simkai.ttf,,D:\sw data\vscode\shufa\experiments\llm_style_trajectory\outputs\font_outline_basis_feasibility_20260619_115008\figures\font_mask_u56fd_kaishu.png,3,782,0.812121,134,165,26,12,True,173.620686,215.04,0.807388,0.004733,
国,xingkai,True,True,True,skimage,C:\Windows\Fonts\STXINGKA.TTF,,D:\sw data\vscode\shufa\experiments\llm_style_trajectory\outputs\font_outline_basis_feasibility_20260619_115008\figures\font_mask_u56fd_xingkai.png,1,662,0.809211,123,152,20,7,True,173.620686,215.04,0.807388,0.001823,
国,lishu,True,True,True,skimage,C:\Windows\Fonts\SIMLI.TTF,,D:\sw data\vscode\shufa\experiments\llm_style_trajectory\outputs\font_outline_basis_feasibility_20260619_115008\figures\font_mask_u56fd_lishu.png,3,735,1.375,154,112,12,8,True,173.620686,215.04,0.807388,0.567612,
德,kaishu,True,True,True,skimage,C:\Windows\Fonts\simkai.ttf,,D:\sw data\vscode\shufa\experiments\llm_style_trajectory\outputs\font_outline_basis_feasibility_20260619_115008\figures\font_mask_u5fb7_kaishu.png,8,846,1.052326,181,172,39,23,True,215.04,206.864516,1.039521,0.012805,
德,xingkai,True,True,True,skimage,C:\Windows\Fonts\STXINGKA.TTF,,D:\sw data\vscode\shufa\experiments\llm_style_trajectory\outputs\font_outline_basis_feasibility_20260619_115008\figures\font_mask_u5fb7_xingkai.png,1,971,0.97076,166,171,79,20,True,215.04,206.864516,1.039521,-0.068761,
德,lishu,True,True,True,skimage,C:\Windows\Fonts\SIMLI.TTF,,D:\sw data\vscode\shufa\experiments\llm_style_trajectory\outputs\font_outline_basis_feasibility_20260619_115008\figures\font_mask_u5fb7_lishu.png,6,748,1.46875,188,128,40,18,True,215.04,206.864516,1.039521,0.429229,
福,kaishu,True,True,True,skimage,C:\Windows\Fonts\simkai.ttf,,D:\sw data\vscode\shufa\experiments\llm_style_trajectory\outputs\font_outline_basis_feasibility_20260619_115008\figures\font_mask_u798f_kaishu.png,5,834,1.141026,178,156,44,19,True,215.04,205.802005,1.044888,0.096138,
福,xingkai,True,True,True,skimage,C:\Windows\Fonts\STXINGKA.TTF,,D:\sw data\vscode\shufa\experiments\llm_style_trajectory\outputs\font_outline_basis_feasibility_20260619_115008\figures\font_mask_u798f_xingkai.png,3,725,1.044586,164,157,35,12,True,215.04,205.802005,1.044888,-0.000302,
福,lishu,True,True,True,skimage,C:\Windows\Fonts\SIMLI.TTF,,D:\sw data\vscode\shufa\experiments\llm_style_trajectory\outputs\font_outline_basis_feasibility_20260619_115008\figures\font_mask_u798f_lishu.png,5,780,1.487603,180,121,24,9,True,215.04,205.802005,1.044888,0.442715,
明,kaishu,True,True,True,skimage,C:\Windows\Fonts\simkai.ttf,,D:\sw data\vscode\shufa\experiments\llm_style_trajectory\outputs\font_outline_basis_feasibility_20260619_115008\figures\font_mask_u660e_kaishu.png,2,714,0.91875,147,160,31,11,True,183.691458,215.04,0.85422,0.06453,
明,xingkai,True,True,True,skimage,C:\Windows\Fonts\STXINGKA.TTF,,D:\sw data\vscode\shufa\experiments\llm_style_trajectory\outputs\font_outline_basis_feasibility_20260619_115008\figures\font_mask_u660e_xingkai.png,1,805,0.845679,137,162,47,8,True,183.691458,215.04,0.85422,-0.008541,
明,lishu,True,True,True,skimage,C:\Windows\Fonts\SIMLI.TTF,,D:\sw data\vscode\shufa\experiments\llm_style_trajectory\outputs\font_outline_basis_feasibility_20260619_115008\figures\font_mask_u660e_lishu.png,2,611,1.291667,155,120,20,2,True,183.691458,215.04,0.85422,0.437447,
和,kaishu,True,True,True,skimage,C:\Windows\Fonts\simkai.ttf,,D:\sw data\vscode\shufa\experiments\llm_style_trajectory\outputs\font_outline_basis_feasibility_20260619_115008\figures\font_mask_u548c_kaishu.png,2,597,1.104938,179,162,30,12,True,212.913523,215.04,0.990111,0.114827,
和,xingkai,True,True,True,skimage,C:\Windows\Fonts\STXINGKA.TTF,,D:\sw data\vscode\shufa\experiments\llm_style_trajectory\outputs\font_outline_basis_feasibility_20260619_115008\figures\font_mask_u548c_xingkai.png,2,548,1.044025,166,159,42,11,True,212.913523,215.04,0.990111,0.053914,
和,lishu,True,True,True,skimage,C:\Windows\Fonts\SIMLI.TTF,,D:\sw data\vscode\shufa\experiments\llm_style_trajectory\outputs\font_outline_basis_feasibility_20260619_115008\figures\font_mask_u548c_lishu.png,2,496,1.495798,178,119,16,8,True,212.913523,215.04,0.990111,0.505687,
风,kaishu,True,True,True,skimage,C:\Windows\Fonts\simkai.ttf,,D:\sw data\vscode\shufa\experiments\llm_style_trajectory\outputs\font_outline_basis_feasibility_20260619_115008\figures\font_mask_u98ce_kaishu.png,2,577,1.116129,173,155,16,9,True,215.04,180.945019,1.188427,-0.072298,
风,xingkai,True,True,True,skimage,C:\Windows\Fonts\STXINGKA.TTF,,D:\sw data\vscode\shufa\experiments\llm_style_trajectory\outputs\font_outline_basis_feasibility_20260619_115008\figures\font_mask_u98ce_xingkai.png,1,615,1.078431,165,153,26,8,True,215.04,180.945019,1.188427,-0.109996,
风,lishu,True,True,True,skimage,C:\Windows\Fonts\SIMLI.TTF,,D:\sw data\vscode\shufa\experiments\llm_style_trajectory\outputs\font_outline_basis_feasibility_20260619_115008\figures\font_mask_u98ce_lishu.png,1,458,1.631579,186,114,11,5,True,215.04,180.945019,1.188427,0.443152,
