char,char_id,style,basis_image,endpoint_count,branch_point_count,skeleton_pixel_count,connected_component_count,aspect_ratio,median_aspect_ratio,aspect_gap,issue_tags,audit_priority,manual_decision,manual_comment
德,u5fb7,kaishu,D:\sw data\vscode\shufa\experiments\llm_style_trajectory\outputs\font_outline_basis_feasibility_20260619_115008\figures\basis_compare_u5fb7.png,23,39,846,8,1.052326,1.039521,0.012805,high_endpoint_count;high_branch_count;disconnected_skeleton;complex_skeleton,8,,
德,u5fb7,lishu,D:\sw data\vscode\shufa\experiments\llm_style_trajectory\outputs\font_outline_basis_feasibility_20260619_115008\figures\basis_compare_u5fb7.png,18,40,748,6,1.46875,1.039521,0.429229,high_endpoint_count;high_branch_count;disconnected_skeleton;complex_skeleton,8,,
福,u798f,kaishu,D:\sw data\vscode\shufa\experiments\llm_style_trajectory\outputs\font_outline_basis_feasibility_20260619_115008\figures\basis_compare_u798f.png,19,44,834,5,1.141026,1.044888,0.096138,high_endpoint_count;high_branch_count;disconnected_skeleton;complex_skeleton,8,,
国,u56fd,kaishu,D:\sw data\vscode\shufa\experiments\llm_style_trajectory\outputs\font_outline_basis_feasibility_20260619_115008\figures\basis_compare_u56fd.png,12,26,782,3,0.812121,0.807388,0.004733,high_endpoint_count;disconnected_skeleton;complex_skeleton,7,,
国,u56fd,lishu,D:\sw data\vscode\shufa\experiments\llm_style_trajectory\outputs\font_outline_basis_feasibility_20260619_115008\figures\basis_compare_u56fd.png,8,12,735,3,1.375,0.807388,0.567612,disconnected_skeleton;high_aspect_gap;complex_skeleton,7,,
德,u5fb7,xingkai,D:\sw data\vscode\shufa\experiments\llm_style_trajectory\outputs\font_outline_basis_feasibility_20260619_115008\figures\basis_compare_u5fb7.png,20,79,971,1,0.97076,1.039521,-0.068761,high_endpoint_count;high_branch_count;complex_skeleton,7,,
福,u798f,lishu,D:\sw data\vscode\shufa\experiments\llm_style_trajectory\outputs\font_outline_basis_feasibility_20260619_115008\figures\basis_compare_u798f.png,9,24,780,5,1.487603,1.044888,0.442715,disconnected_skeleton;high_aspect_gap;complex_skeleton,7,,
福,u798f,xingkai,D:\sw data\vscode\shufa\experiments\llm_style_trajectory\outputs\font_outline_basis_feasibility_20260619_115008\figures\basis_compare_u798f.png,12,35,725,3,1.044586,1.044888,-0.000302,high_endpoint_count;high_branch_count;disconnected_skeleton,7,,
中,u4e2d,lishu,D:\sw data\vscode\shufa\experiments\llm_style_trajectory\outputs\font_outline_basis_feasibility_20260619_115008\figures\basis_compare_u4e2d.png,3,17,427,1,1.195312,0.69988,0.495432,high_aspect_gap,5,,
山,u5c71,lishu,D:\sw data\vscode\shufa\experiments\llm_style_trajectory\outputs\font_outline_basis_feasibility_20260619_115008\figures\basis_compare_u5c71.png,4,5,332,1,1.375,0.945007,0.429993,high_aspect_gap,5,,
风,u98ce,lishu,D:\sw data\vscode\shufa\experiments\llm_style_trajectory\outputs\font_outline_basis_feasibility_20260619_115008\figures\basis_compare_u98ce.png,5,11,458,1,1.631579,1.188427,0.443152,high_aspect_gap,5,,
中,u4e2d,kaishu,D:\sw data\vscode\shufa\experiments\llm_style_trajectory\outputs\font_outline_basis_feasibility_20260619_115008\figures\basis_compare_u4e2d.png,7,29,498,1,0.744444,0.69988,0.044564,promising_candidate,4,,
中,u4e2d,xingkai,D:\sw data\vscode\shufa\experiments\llm_style_trajectory\outputs\font_outline_basis_feasibility_20260619_115008\figures\basis_compare_u4e2d.png,5,30,499,1,0.649746,0.69988,-0.050134,promising_candidate,4,,
和,u548c,kaishu,D:\sw data\vscode\shufa\experiments\llm_style_trajectory\outputs\font_outline_basis_feasibility_20260619_115008\figures\basis_compare_u548c.png,12,30,597,2,1.104938,0.990111,0.114827,high_endpoint_count;disconnected_skeleton,4,,
和,u548c,lishu,D:\sw data\vscode\shufa\experiments\llm_style_trajectory\outputs\font_outline_basis_feasibility_20260619_115008\figures\basis_compare_u548c.png,8,16,496,2,1.495798,0.990111,0.505687,disconnected_skeleton;high_aspect_gap,4,,
和,u548c,xingkai,D:\sw data\vscode\shufa\experiments\llm_style_trajectory\outputs\font_outline_basis_feasibility_20260619_115008\figures\basis_compare_u548c.png,11,42,548,2,1.044025,0.990111,0.053914,high_branch_count;disconnected_skeleton,4,,
国,u56fd,xingkai,D:\sw data\vscode\shufa\experiments\llm_style_trajectory\outputs\font_outline_basis_feasibility_20260619_115008\figures\basis_compare_u56fd.png,7,20,662,1,0.809211,0.807388,0.001823,promising_candidate,4,,
山,u5c71,kaishu,D:\sw data\vscode\shufa\experiments\llm_style_trajectory\outputs\font_outline_basis_feasibility_20260619_115008\figures\basis_compare_u5c71.png,6,12,354,1,1.087591,0.945007,0.142584,promising_candidate,4,,
山,u5c71,xingkai,D:\sw data\vscode\shufa\experiments\llm_style_trajectory\outputs\font_outline_basis_feasibility_20260619_115008\figures\basis_compare_u5c71.png,7,16,398,1,1.027586,0.945007,0.082579,promising_candidate,4,,
明,u660e,kaishu,D:\sw data\vscode\shufa\experiments\llm_style_trajectory\outputs\font_outline_basis_feasibility_20260619_115008\figures\basis_compare_u660e.png,11,31,714,2,0.91875,0.85422,0.06453,high_branch_count;disconnected_skeleton,4,,
明,u660e,lishu,D:\sw data\vscode\shufa\experiments\llm_style_trajectory\outputs\font_outline_basis_feasibility_20260619_115008\figures\basis_compare_u660e.png,2,20,611,2,1.291667,0.85422,0.437447,disconnected_skeleton;high_aspect_gap,4,,
明,u660e,xingkai,D:\sw data\vscode\shufa\experiments\llm_style_trajectory\outputs\font_outline_basis_feasibility_20260619_115008\figures\basis_compare_u660e.png,8,47,805,1,0.845679,0.85422,-0.008541,high_branch_count;complex_skeleton,4,,
永,u6c38,kaishu,D:\sw data\vscode\shufa\experiments\llm_style_trajectory\outputs\font_outline_basis_feasibility_20260619_115008\figures\basis_compare_u6c38.png,12,22,480,3,1.023392,1.055,-0.031608,high_endpoint_count;disconnected_skeleton,4,,
永,u6c38,lishu,D:\sw data\vscode\shufa\experiments\llm_style_trajectory\outputs\font_outline_basis_feasibility_20260619_115008\figures\basis_compare_u6c38.png,10,12,462,3,1.560976,1.055,0.505976,disconnected_skeleton;high_aspect_gap,4,,
风,u98ce,kaishu,D:\sw data\vscode\shufa\experiments\llm_style_trajectory\outputs\font_outline_basis_feasibility_20260619_115008\figures\basis_compare_u98ce.png,9,16,577,2,1.116129,1.188427,-0.072298,disconnected_skeleton,4,,
风,u98ce,xingkai,D:\sw data\vscode\shufa\experiments\llm_style_trajectory\outputs\font_outline_basis_feasibility_20260619_115008\figures\basis_compare_u98ce.png,8,26,615,1,1.078431,1.188427,-0.109996,promising_candidate,4,,
人,u4eba,kaishu,D:\sw data\vscode\shufa\experiments\llm_style_trajectory\outputs\font_outline_basis_feasibility_20260619_115008\figures\basis_compare_u4eba.png,4,4,263,1,1.345588,1.414861,-0.069273,promising_candidate,2,,
人,u4eba,lishu,D:\sw data\vscode\shufa\experiments\llm_style_trajectory\outputs\font_outline_basis_feasibility_20260619_115008\figures\basis_compare_u4eba.png,3,4,228,1,1.575,1.414861,0.160139,promising_candidate,2,,
人,u4eba,xingkai,D:\sw data\vscode\shufa\experiments\llm_style_trajectory\outputs\font_outline_basis_feasibility_20260619_115008\figures\basis_compare_u4eba.png,4,8,236,1,1.653846,1.414861,0.238985,promising_candidate,2,,
永,u6c38,xingkai,D:\sw data\vscode\shufa\experiments\llm_style_trajectory\outputs\font_outline_basis_feasibility_20260619_115008\figures\basis_compare_u6c38.png,8,25,541,1,0.902174,1.055,-0.152826,promising_candidate,2,,
