char,style,case_type,reason,priority,image_path,summary_row_ref,output_dir,aspect_ratio,path_length,connection_count,connector_draw_length,mean_width,workspace_path_length_mm,manual_check_focus
人,kaishu,high_aspect_spread,人 的三风格 aspect_ratio 差异较强，spread=0.621,1,experiments\llm_style_trajectory\outputs\style_visual_audit_20260617_224321\selected_images\01_人_kaishu_high_aspect_spread.png,人-kaishu,D:\sw data\vscode\shufa\experiments\llm_style_trajectory\outputs\style_diagnostics_20260617_200746\u4eba_kaishu_20260617_200750_708344,1.414861,351.564,0,0.0,9.0,225.955,看三风格是否肉眼可分；重点判断 lishu 是否只是横向拉宽，还是有真实隶书笔画特征。
人,lishu,high_aspect_spread,人 的三风格 aspect_ratio 差异较强，spread=0.621,1,experiments\llm_style_trajectory\outputs\style_visual_audit_20260617_224321\selected_images\02_人_lishu_high_aspect_spread.png,人-lishu,D:\sw data\vscode\shufa\experiments\llm_style_trajectory\outputs\style_diagnostics_20260617_200746\u4eba_lishu_20260617_200751_133475,2.036019,351.73,0,0.0,10.0,227.566,看三风格是否肉眼可分；重点判断 lishu 是否只是横向拉宽，还是有真实隶书笔画特征。
人,xingkai,high_aspect_spread,人 的三风格 aspect_ratio 差异较强，spread=0.621,1,experiments\llm_style_trajectory\outputs\style_visual_audit_20260617_224321\selected_images\03_人_xingkai_high_aspect_spread.png,人-xingkai,D:\sw data\vscode\shufa\experiments\llm_style_trajectory\outputs\style_diagnostics_20260617_200746\u4eba_xingkai_20260617_200750_905177,1.487047,484.146,1,131.33,8.074409,226.944,看三风格是否肉眼可分；重点判断 lishu 是否只是横向拉宽，还是有真实隶书笔画特征。
好,kaishu,high_aspect_spread,好 的三风格 aspect_ratio 差异较强，spread=0.531,1,experiments\llm_style_trajectory\outputs\style_visual_audit_20260617_224321\selected_images\04_好_kaishu_high_aspect_spread.png,好-kaishu,D:\sw data\vscode\shufa\experiments\llm_style_trajectory\outputs\style_diagnostics_20260617_200746\u597d_kaishu_20260617_200753_941974,1.213725,792.516,0,0.0,9.0,522.615,看三风格是否肉眼可分；重点判断 lishu 是否只是横向拉宽，还是有真实隶书笔画特征。
好,lishu,high_aspect_spread,好 的三风格 aspect_ratio 差异较强，spread=0.531,1,experiments\llm_style_trajectory\outputs\style_visual_audit_20260617_224321\selected_images\05_好_lishu_high_aspect_spread.png,好-lishu,D:\sw data\vscode\shufa\experiments\llm_style_trajectory\outputs\style_diagnostics_20260617_200746\u597d_lishu_20260617_200754_538622,1.745202,802.753,0,0.0,10.0,507.738,看三风格是否肉眼可分；重点判断 lishu 是否只是横向拉宽，还是有真实隶书笔画特征。
国,xingkai,long_xingkai_connector,行楷 connector_draw_length 较长：810.947,1,experiments\llm_style_trajectory\outputs\style_visual_audit_20260617_224321\selected_images\06_国_xingkai_long_xingkai_connector.png,国-xingkai,D:\sw data\vscode\shufa\experiments\llm_style_trajectory\outputs\style_diagnostics_20260617_200746\u56fd_xingkai_20260617_200802_724631,0.848725,1928.631,7,810.947,7.29022,904.046,优先看连接段是否过长、过直或穿越部件；判断是否需要限制 connector 规则。
德,xingkai,long_xingkai_connector,行楷 connector_draw_length 较长：878.275,1,experiments\llm_style_trajectory\outputs\style_visual_audit_20260617_224321\selected_images\07_德_xingkai_long_xingkai_connector.png,德-xingkai,D:\sw data\vscode\shufa\experiments\llm_style_trajectory\outputs\style_diagnostics_20260617_200746\u5fb7_xingkai_20260617_200807_821353,1.092558,1971.169,14,878.275,7.158401,923.986,优先看连接段是否过长、过直或穿越部件；判断是否需要限制 connector 规则。
福,xingkai,long_xingkai_connector,行楷 connector_draw_length 较长：886.413,1,experiments\llm_style_trajectory\outputs\style_visual_audit_20260617_224321\selected_images\08_福_xingkai_long_xingkai_connector.png,福-xingkai,D:\sw data\vscode\shufa\experiments\llm_style_trajectory\outputs\style_diagnostics_20260617_200746\u798f_xingkai_20260617_200806_334042,1.094683,1951.564,12,886.413,7.112963,914.798,优先看连接段是否过长、过直或穿越部件；判断是否需要限制 connector 规则。
人,lishu,high_lishu_aspect,隶书 aspect_ratio 较高：2.036,2,experiments\llm_style_trajectory\outputs\style_visual_audit_20260617_224321\selected_images\09_人_lishu_high_lishu_aspect.png,人-lishu,D:\sw data\vscode\shufa\experiments\llm_style_trajectory\outputs\style_diagnostics_20260617_200746\u4eba_lishu_20260617_200751_133475,2.036019,351.73,0,0.0,10.0,227.566,看 lishu 是否宽扁过度；是否只是全局横向拉伸而缺少隶书笔意。
好,lishu,high_lishu_aspect,隶书 aspect_ratio 较高：1.745,2,experiments\llm_style_trajectory\outputs\style_visual_audit_20260617_224321\selected_images\10_好_lishu_high_lishu_aspect.png,好-lishu,D:\sw data\vscode\shufa\experiments\llm_style_trajectory\outputs\style_diagnostics_20260617_200746\u597d_lishu_20260617_200754_538622,1.745202,802.753,0,0.0,10.0,507.738,看 lishu 是否宽扁过度；是否只是全局横向拉伸而缺少隶书笔意。
风,lishu,high_lishu_aspect,隶书 aspect_ratio 较高：1.714,2,experiments\llm_style_trajectory\outputs\style_visual_audit_20260617_224321\selected_images\11_风_lishu_high_lishu_aspect.png,风-lishu,D:\sw data\vscode\shufa\experiments\llm_style_trajectory\outputs\style_diagnostics_20260617_200746\u98ce_lishu_20260617_200805_153657,1.714482,743.602,0,0.0,10.0,522.13,看 lishu 是否宽扁过度；是否只是全局横向拉伸而缺少隶书笔意。
中,kaishu,low_aspect_spread,中 的三风格 aspect_ratio 差异较弱，spread=0.304,2,experiments\llm_style_trajectory\outputs\style_visual_audit_20260617_224321\selected_images\12_中_kaishu_low_aspect_spread.png,中-kaishu,D:\sw data\vscode\shufa\experiments\llm_style_trajectory\outputs\style_diagnostics_20260617_200746\u4e2d_kaishu_20260617_200746_949523,0.693486,603.423,0,0.0,9.0,427.967,看三风格是否肉眼难分；若难分，后续可能需要重新估计部件比例和笔画风格参数。
中,lishu,low_aspect_spread,中 的三风格 aspect_ratio 差异较弱，spread=0.304,2,experiments\llm_style_trajectory\outputs\style_visual_audit_20260617_224321\selected_images\13_中_lishu_low_aspect_spread.png,中-lishu,D:\sw data\vscode\shufa\experiments\llm_style_trajectory\outputs\style_diagnostics_20260617_200746\u4e2d_lishu_20260617_200747_434585,0.997268,595.574,0,0.0,10.0,424.191,看三风格是否肉眼难分；若难分，后续可能需要重新估计部件比例和笔画风格参数。
中,xingkai,low_aspect_spread,中 的三风格 aspect_ratio 差异较弱，spread=0.304,2,experiments\llm_style_trajectory\outputs\style_visual_audit_20260617_224321\selected_images\14_中_xingkai_low_aspect_spread.png,中-xingkai,D:\sw data\vscode\shufa\experiments\llm_style_trajectory\outputs\style_diagnostics_20260617_200746\u4e2d_xingkai_20260617_200747_188596,0.730097,915.162,3,310.786,7.715285,428.983,看三风格是否肉眼难分；若难分，后续可能需要重新估计部件比例和笔画风格参数。
和,kaishu,representative,楷书 接近当前风格均值，可作异常样本对照。,5,experiments\llm_style_trajectory\outputs\style_visual_audit_20260617_224321\selected_images\15_和_kaishu_representative.png,和-kaishu,D:\sw data\vscode\shufa\experiments\llm_style_trajectory\outputs\style_diagnostics_20260617_200746\u548c_kaishu_20260617_200754_846285,0.992528,840.752,0,0.0,9.0,644.265,作为对照样本看该风格的平均视觉效果是否可接受。
和,lishu,representative,隶书 接近当前风格均值，可作异常样本对照。,5,experiments\llm_style_trajectory\outputs\style_visual_audit_20260617_224321\selected_images\16_和_lishu_representative.png,和-lishu,D:\sw data\vscode\shufa\experiments\llm_style_trajectory\outputs\style_diagnostics_20260617_200746\u548c_lishu_20260617_200755_453193,1.428057,842.811,0,0.0,10.0,629.691,作为对照样本看该风格的平均视觉效果是否可接受。
和,xingkai,representative,行楷 接近当前风格均值，可作异常样本对照。,5,experiments\llm_style_trajectory\outputs\style_visual_audit_20260617_224321\selected_images\17_和_xingkai_representative.png,和-xingkai,D:\sw data\vscode\shufa\experiments\llm_style_trajectory\outputs\style_diagnostics_20260617_200746\u548c_xingkai_20260617_200755_134353,1.044831,1375.19,7,531.326,7.469496,644.619,作为对照样本看该风格的平均视觉效果是否可接受。
思,kaishu,representative,楷书 接近当前风格均值，可作异常样本对照。,5,experiments\llm_style_trajectory\outputs\style_visual_audit_20260617_224321\selected_images\18_思_kaishu_representative.png,思-kaishu,D:\sw data\vscode\shufa\experiments\llm_style_trajectory\outputs\style_diagnostics_20260617_200746\u601d_kaishu_20260617_200757_561274,1.091889,880.877,0,0.0,9.0,683.433,作为对照样本看该风格的平均视觉效果是否可接受。
